289,649,088,2191,ab,Abkhazia,7,A-Mobile
289,649,068,1679,ab,Abkhazia,7,A-Mobile2
289,649,067,1663,ab,Abkhazia,7,Aquafon
412,1042,088,2191,af,Afghanistan,93,Afghan Telecom Corp. (AT)
412,1042,080,2063,af,Afghanistan,93,Afghan Telecom Corp. (AT)2
412,1042,001,31,af,Afghanistan,93,Afghan Wireless/AWCC
412,1042,040,1039,af,Afghanistan,93,Areeba
412,1042,050,1295,af,Afghanistan,93,Etisalat
412,1042,020,527,af,Afghanistan,93,Roshan
276,630,001,31,al,Albania,355,AMC Mobil
276,630,003,63,al,Albania,355,Eagle Mobile
276,630,004,79,al,Albania,355,PLUS Communication Sh.a
276,630,002,47,al,Albania,355,Vodafone
603,1539,001,31,dz,Algeria,213,ATM Mobils
603,1539,002,47,dz,Algeria,213,Orascom / DJEZZY
603,1539,003,63,dz,Algeria,213,Wataniya / Nedjma
544,1348,011,287,as,American Samoa,684,Blue Sky Communications
213,531,003,63,ad,Andorra,376,Mobiland
631,1585,004,79,ao,Angola,244,MoviCel
631,1585,002,47,ao,Angola,244,Unitel
365,869,840,2112,ai,Anguilla,1264,Cable and Wireless
365,869,010,16,ai,Anguilla,1264,Digicell / Wireless Vent. Ltd
344,836,030,48,ag,Antigua and Barbuda,1268,APUA PCS
344,836,920,2336,ag,Antigua and Barbuda,1268,C & W
344,836,930,2352,ag,Antigua and Barbuda,1268,Cing. Wirel./DigiCel
722,1826,310,784,ar,Argentina Republic,54,Claro/ CTI/AMX
722,1826,330,816,ar,Argentina Republic,54,Claro/ CTI/AMX2
722,1826,320,800,ar,Argentina Republic,54,Claro/ CTI/AMX3
722,1826,010,16,ar,Argentina Republic,54,Compania De Radiocomunicaciones Moviles SA
722,1826,070,112,ar,Argentina Republic,54,Movistar/Telefonica
722,1826,020,32,ar,Argentina Republic,54,Nextel
722,1826,341,833,ar,Argentina Republic,54,Telecom Personal S.A.
283,643,001,31,am,Armenia,374,ArmenTel/Beeline
283,643,004,4,am,Armenia,374,Karabakh Telecom
283,643,010,271,am,Armenia,374,Orange
283,643,005,95,am,Armenia,374,Vivacell
363,867,020,527,aw,Aruba,297,Digicel
363,867,001,31,aw,Aruba,297,Setar GSM
505,1285,014,335,au,Australia,61,AAPT Ltd.
505,1285,024,591,au,Australia,61,Advanced Comm Tech Pty.
505,1285,009,159,au,Australia,61,Airnet Commercial Australia Ltd.
505,1285,004,79,au,Australia,61,Department of Defense
505,1285,026,623,au,Australia,61,Dialogue Communications Pty Ltd
505,1285,012,303,au,Australia,61,H3G Ltd.
505,1285,006,111,au,Australia,61,H3G Ltd.
505,1285,088,2191,au,Australia,61,Localstar Holding Pty. Ltd
505,1285,019,415,au,Australia,61,Lycamobile Pty Ltd
505,1285,008,143,au,Australia,61,Railcorp/Vodafone
505,1285,099,2463,au,Australia,61,Railcorp/Vodafone2
505,1285,013,319,au,Australia,61,Railcorp/Vodafone3
505,1285,090,2319,au,Australia,61,Singtel Optus
505,1285,002,47,au,Australia,61,Singtel Optus2
505,1285,001,31,au,Australia,61,Telstra Corp. Ltd.
505,1285,011,287,au,Australia,61,Telstra Corp. Ltd.2
505,1285,071,1823,au,Australia,61,Telstra Corp. Ltd.3
505,1285,072,1839,au,Australia,61,Telstra Corp. Ltd.4
505,1285,005,95,au,Australia,61,The Ozitel Network Pty.
505,1285,016,367,au,Australia,61,Victorian Rail Track Corp. (VicTrack)
505,1285,007,127,au,Australia,61,Vodafone
505,1285,003,63,au,Australia,61,Vodafone2
232,562,002,47,at,Austria,43,A1 MobilKom
232,562,011,287,at,Austria,43,A1 MobilKom2
232,562,009,159,at,Austria,43,A1 MobilKom3
232,562,001,31,at,Austria,43,A1 MobilKom4
232,562,015,351,at,Austria,43,T-Mobile/Telering
232,562,000,15,at,Austria,43,Fix Line
232,562,010,271,at,Austria,43,H3G
232,562,014,335,at,Austria,43,H3G2
232,562,012,303,at,Austria,43,Orange/One Connect
232,562,006,111,at,Austria,43,Orange/One Connect2
232,562,005,95,at,Austria,43,Orange/One Connect
232,562,004,79,at,Austria,43,T-Mobile/Telering
232,562,003,63,at,Austria,43,T-Mobile/Telering2
232,562,007,127,at,Austria,43,T-Mobile/Telering3
232,562,008,143,at,Austria,43,Telefonica
400,1024,001,31,az,Azerbaijan,994,Azercell Telekom B.M.
400,1024,004,79,az,Azerbaijan,994,Azerfon.
400,1024,003,63,az,Azerbaijan,994,Caspian American Telecommunications LLC (CATEL)
400,1024,002,47,az,Azerbaijan,994,J.V. Bakcell GSM 2000
364,868,030,783,bs,Bahamas,1242,Bahamas Telco. Comp.
364,868,390,912,bs,Bahamas,1242,Bahamas Telco. Comp.2
364,868,039,927,bs,Bahamas,1242,Bahamas Telco. Comp.3
364,868,003,3,bs,Bahamas,1242,Smart Communications
426,1062,001,31,bh,Bahrain,973,Batelco
426,1062,002,47,bh,Bahrain,973,MTC Vodafone
426,1062,004,79,bh,Bahrain,973,VIVA
470,1136,002,47,bd,Bangladesh,880,Robi/Aktel
470,1136,005,95,bd,Bangladesh,880,Citycell
470,1136,006,111,bd,Bangladesh,880,Citycell2
470,1136,001,31,bd,Bangladesh,880,GrameenPhone
470,1136,003,63,bd,Bangladesh,880,Orascom
470,1136,004,79,bd,Bangladesh,880,TeleTalk
470,1136,007,127,bd,Bangladesh,880,Airtel/Warid
342,834,600,1536,bb,Barbados,1246,C & W BET Ltd.
342,834,810,2064,bb,Barbados,1246,Cingular Wireless
342,834,750,1872,bb,Barbados,1246,Digicel
342,834,050,80,bb,Barbados,1246,Digicel2
342,834,820,2080,bb,Barbados,1246,Sunbeach
257,599,003,63,by,Belarus,375,BelCel JV
257,599,004,79,by,Belarus,375,BeST
257,599,001,31,by,Belarus,375,Mobile Digital Communications
257,599,002,47,by,Belarus,375,MTS
206,518,020,527,be,Belgium,32,Base/KPN
206,518,001,31,be,Belgium,32,Belgacom/Proximus
206,518,010,271,be,Belgium,32,Mobistar/Orange
206,518,002,47,be,Belgium,32,SNCT/NMBS
206,518,005,95,be,Belgium,32,Telenet BidCo NV
702,1794,067,1663,bz,Belize,501,DigiCell
702,1794,068,1679,bz,Belize,501,International Telco (INTELCO)
616,1558,004,79,bj,Benin,229,Bell Benin/BBCOM
616,1558,002,47,bj,Benin,229,Etisalat/MOOV
616,1558,005,5,bj,Benin,229,GloMobile
616,1558,001,31,bj,Benin,229,Libercom
616,1558,003,63,bj,Benin,229,MTN/Spacetel
350,848,000,0,bm,Bermuda,1441,Bermuda Digital Communications Ltd (BDC)
350,848,099,2463,bm,Bermuda,1441,CellOne Ltd
350,848,010,271,bm,Bermuda,1441,DigiCel / Cingular
350,848,002,47,bm,Bermuda,1441,M3 Wireless Ltd
350,848,001,31,bm,Bermuda,1441,Telecommunications (Bermuda & West Indies) Ltd (Digicel Bermuda)
402,1026,011,287,bt,Bhutan,975,B-Mobile
402,1026,017,383,bt,Bhutan,975,Bhutan Telecom Ltd (BTL)
402,1026,077,1919,bt,Bhutan,975,TashiCell
736,1846,002,47,bo,Bolivia,591,Entel Pcs
736,1846,001,31,bo,Bolivia,591,Nuevatel
736,1846,003,63,bo,Bolivia,591,TELECEL BOLIVIA
362,866,091,2335,bq,Bonaire Sint Eustatius and Saba,,United Telecommunications Services NV (UTS)
218,536,090,2319,ba,Bosnia & Herzegov.,387,BH Mobile
218,536,003,63,ba,Bosnia & Herzegov.,387,Eronet Mobile
218,536,005,95,ba,Bosnia & Herzegov.,387,M-Tel
652,1618,004,79,bw,Botswana,267,beMOBILE
652,1618,001,31,bw,Botswana,267,Mascom Wireless (Pty) Ltd.
652,1618,002,47,bw,Botswana,267,Orange
724,1828,012,303,br,Brazil,55,Claro/Albra/America Movil
724,1828,038,911,br,Brazil,55,Claro/Albra/America Movil2
724,1828,005,95,br,Brazil,55,Claro/Albra/America Movil3
724,1828,001,1,br,Brazil,55,Vivo S.A./Telemig
724,1828,033,831,br,Brazil,55,CTBC Celular SA (CTBC)
724,1828,032,815,br,Brazil,55,CTBC Celular SA (CTBC)2
724,1828,034,847,br,Brazil,55,CTBC Celular SA (CTBC)3
724,1828,008,8,br,Brazil,55,TIM
724,1828,000,15,br,Brazil,55,Nextel (Telet)
724,1828,039,927,br,Brazil,55,Nextel (Telet)2
724,1828,030,783,br,Brazil,55,Oi (TNL PCS / Oi)
724,1828,031,799,br,Brazil,55,Oi (TNL PCS / Oi)2
724,1828,024,591,br,Brazil,55,Amazonia Celular S/A
724,1828,016,367,br,Brazil,55,Brazil Telcom
724,1828,015,351,br,Brazil,55,Sercontel Cel
724,1828,07,7,br,Brazil,55,CTBC/Triangulo
724,1828,019,415,br,Brazil,55,Vivo S.A./Telemig
724,1828,003,63,br,Brazil,55,TIM
724,1828,002,47,br,Brazil,55,TIM2
724,1828,004,79,br,Brazil,55,TIM3
724,1828,037,895,br,Brazil,55,Unicel do Brasil Telecomunicacoes Ltda
724,1828,006,111,br,Brazil,55,Vivo S.A./Telemig
724,1828,023,575,br,Brazil,55,Vivo S.A./Telemig2
724,1828,011,287,br,Brazil,55,Vivo S.A./Telemig3
724,1828,010,271,br,Brazil,55,Vivo S.A./Telemig4
348,840,570,1392,vg,British Virgin Islands,284,Caribbean Cellular
348,840,770,1904,vg,British Virgin Islands,284,Digicel
348,840,170,368,vg,British Virgin Islands,284,LIME
528,1320,002,47,bn,Brunei Darussalam,673,b-mobile
528,1320,011,287,bn,Brunei Darussalam,673,Datastream (DTSCom)
528,1320,001,31,bn,Brunei Darussalam,673,Telekom Brunei Bhd (TelBru)
284,644,006,111,bg,Bulgaria,359,BTC Mobile EOOD (vivatel)
284,644,003,63,bg,Bulgaria,359,BTC Mobile EOOD (vivatel)2
284,644,005,95,bg,Bulgaria,359,Cosmo Mobile EAD/Globul
284,644,001,31,bg,Bulgaria,359,MobilTel AD
613,1555,003,63,bf,Burkina Faso,226,TeleCel
613,1555,001,31,bf,Burkina Faso,226,TeleMob-OnaTel
613,1555,002,47,bf,Burkina Faso,226,AirTel/ZAIN/CelTel
414,1044,001,31,mm,Burma/Myanmar,95,Myanmar Post & Teleco.
642,1602,002,47,bi,Burundi,257,Africel / Safaris
642,1602,008,143,bi,Burundi,257,HiTs Telecom
642,1602,003,63,bi,Burundi,257,Onatel / Telecel
642,1602,007,127,bi,Burundi,257,Smart Mobile / LACELL
642,1602,001,31,bi,Burundi,257,Spacetel / Econet
642,1602,082,2095,bi,Burundi,257,U-COM
456,1110,004,79,kh,Cambodia,855,Cambodia Advance Communications Co. Ltd (CADCOMMS)
456,1110,002,47,kh,Cambodia,855,Hello/Malaysia Telcom
456,1110,008,143,kh,Cambodia,855,Metfone
456,1110,018,399,kh,Cambodia,855,MFone/Camshin
456,1110,001,31,kh,Cambodia,855,Mobitel/Cam GSM
456,1110,003,63,kh,Cambodia,855,QB/Cambodia Adv. Comms.
456,1110,005,95,kh,Cambodia,855,Smart Mobile
456,1110,006,111,kh,Cambodia,855,Smart Mobile2
456,1110,009,159,kh,Cambodia,855,Sotelco Ltd (Beeline Cambodia)
624,1572,001,31,cm,Cameroon,237,MTN
624,1572,002,47,cm,Cameroon,237,Orange
302,770,652,1618,ca,Canada,1,BC Tel Mobility
302,770,630,1584,ca,Canada,1,Bell Aliant
302,770,651,1617,ca,Canada,1,Bell Mobility
302,770,610,1552,ca,Canada,1,Bell Mobility2
302,770,670,1648,ca,Canada,1,CityWest Mobility
302,770,360,864,ca,Canada,1,Clearnet
302,770,361,865,ca,Canada,1,Clearnet2
302,770,380,896,ca,Canada,1,DMTS Mobility
302,770,710,1808,ca,Canada,1,Globalstar Canada
302,770,640,1600,ca,Canada,1,Latitude Wireless
302,770,370,880,ca,Canada,1,FIDO (Rogers AT&T/ Microcell)
302,770,320,800,ca,Canada,1,mobilicity
302,770,702,1794,ca,Canada,1,MT&T Mobility
302,770,655,1621,ca,Canada,1,MTS Mobility
302,770,660,1632,ca,Canada,1,MTS Mobility2
302,770,701,1793,ca,Canada,1,NB Tel Mobility
302,770,703,1795,ca,Canada,1,New Tel Mobility
302,770,760,1888,ca,Canada,1,Public Mobile
302,770,657,1623,ca,Canada,1,Quebectel Mobility
302,770,720,1824,ca,Canada,1,Rogers AT&T Wireless
302,770,654,1620,ca,Canada,1,Sask Tel Mobility
302,770,680,1664,ca,Canada,1,Sask Tel Mobility2
302,770,656,1622,ca,Canada,1,Tbay Mobility
302,770,220,544,ca,Canada,1,Telus Mobility
302,770,653,1619,ca,Canada,1,Telus Mobility2
302,770,500,1280,ca,Canada,1,Videotron
302,770,490,1168,ca,Canada,1,WIND
625,1573,001,31,cv,Cape Verde,238,CV Movel
625,1573,002,47,cv,Cape Verde,238,T+ Telecom
346,838,050,80,ky,Cayman Islands,1345,Digicel Cayman Ltd
346,838,006,6,ky,Cayman Islands,1345,Digicel Ltd.
346,838,140,320,ky,Cayman Islands,1345,LIME / Cable & Wirel.
623,1571,001,31,cf,Central African Rep.,236,Centrafr. Telecom+
623,1571,004,79,cf,Central African Rep.,236,Nationlink
623,1571,003,63,cf,Central African Rep.,236,Orange/Celca
623,1571,002,47,cf,Central African Rep.,236,Telecel Centraf.
622,1570,004,79,td,Chad,235,Salam/Sotel
622,1570,002,47,td,Chad,235,Tchad Mobile
622,1570,003,63,td,Chad,235,Tigo/Milicom/Tchad Mobile
622,1570,001,31,td,Chad,235,Zain/Airtel/Celtel
730,1840,006,111,cl,Chile,56,Blue Two Chile SA
730,1840,011,287,cl,Chile,56,Celupago SA
730,1840,015,351,cl,Chile,56,Cibeles Telecom SA
730,1840,003,63,cl,Chile,56,Claro
730,1840,010,271,cl,Chile,56,Entel PCS
730,1840,001,1,cl,Chile,56,Entel Telefonia Mov
730,1840,014,335,cl,Chile,56,Netline Telefonica Movil Ltda
730,1840,009,159,cl,Chile,56,Nextel SA
730,1840,005,95,cl,Chile,56,Nextel SA2
730,1840,004,79,cl,Chile,56,Nextel SA3
730,1840,002,47,cl,Chile,56,TELEFONICA
730,1840,007,127,cl,Chile,56,TELEFONICA2
730,1840,012,303,cl,Chile,56,Telestar Movil SA
730,1840,000,15,cl,Chile,56,TESAM SA
730,1840,013,319,cl,Chile,56,Tribe Mobile SPA
730,1840,008,143,cl,Chile,56,VTR Banda Ancha SA
460,1120,000,15,cn,China,86,China Mobile GSM
460,1120,007,127,cn,China,86,China Mobile GSM2
460,1120,002,47,cn,China,86,China Mobile GSM3
460,1120,004,79,cn,China,86,China Space Mobile Satellite Telecommunications Co. Ltd (China Spacecom)
460,1120,005,5,cn,China,86,China Telecom
460,1120,003,63,cn,China,86,China Telecom2
460,1120,006,6,cn,China,86,China Unicom
460,1120,001,31,cn,China,86,China Unicom2
732,1842,130,304,co,Colombia,57,Avantel SAS
732,1842,102,258,co,Colombia,57,Movistar
732,1842,103,259,co,Colombia,57,TIGO/Colombia Movil
732,1842,001,1,co,Colombia,57,TIGO/Colombia Movil
732,1842,101,257,co,Colombia,57,Comcel S.A. Occel S.A./Celcaribe
732,1842,002,2,co,Colombia,57,Edatel S.A.
732,1842,123,291,co,Colombia,57,Movistar
732,1842,111,273,co,Colombia,57,TIGO/Colombia Movil
732,1842,142,322,co,Colombia,57,UNE EPM Telecomunicaciones SA ESP
732,1842,020,32,co,Colombia,57,UNE EPM Telecomunicaciones SA ESP2
732,1842,154,340,co,Colombia,57,Virgin Mobile Colombia SAS
654,1620,001,31,km,Comoros,269,HURI - SNPT
630,1584,086,2159,cd,Congo Dem. Rep.,243,Orange RDC sarl
630,1584,005,95,cd,Congo Dem. Rep.,243,SuperCell
630,1584,089,2207,cd,Congo Dem. Rep.,243,TIGO/Oasis
630,1584,001,31,cd,Congo Dem. Rep.,243,Vodacom
630,1584,088,2191,cd,Congo Dem. Rep.,243,Yozma Timeturns sprl (YTT)
630,1584,002,47,cd,Congo Dem. Rep.,243,ZAIN CelTel
629,1577,001,31,cg,Congo Republic,242,Airtel Congo SA
629,1577,002,2,cg,Congo Republic,242,Zain/Celtel
629,1577,010,271,cg,Congo Republic,242,MTN/Libertis
629,1577,007,127,cg,Congo Republic,242,Warid
548,1352,001,31,ck,Cook Islands,682,Telecom Cook Islands
712,1810,003,63,cr,Costa Rica,506,Claro
712,1810,002,47,cr,Costa Rica,506,ICE
712,1810,001,31,cr,Costa Rica,506,ICE2
712,1810,004,79,cr,Costa Rica,506,Movistar
219,537,001,31,hr,Croatia,385,T-Mobile/Cronet
219,537,002,47,hr,Croatia,385,Tele2
219,537,010,271,hr,Croatia,385,VIPnet d.o.o.
368,872,001,31,cu,Cuba,53,C-COM
362,866,095,2399,cw,Curacao,,EOCG Wireless NV
362,866,069,1695,cw,Curacao,,Polycom N.V./ Curacao Telecom d.b.a. Digicel
280,640,010,271,cy,Cyprus,357,MTN/Areeba
280,640,020,527,cy,Cyprus,357,PrimeTel PLC
280,640,001,31,cy,Cyprus,357,Vodafone/CyTa
230,560,008,143,cz,Czech Rep.,420,Compatel s.r.o.
230,560,002,47,cz,Czech Rep.,420,O2
230,560,001,31,cz,Czech Rep.,420,T-Mobile / RadioMobil
230,560,005,95,cz,Czech Rep.,420,Travel Telekommunikation s.r.o.
230,560,004,79,cz,Czech Rep.,420,Ufone
230,560,099,2463,cz,Czech Rep.,420,Vodafone
230,560,003,63,cz,Czech Rep.,420,Vodafone
238,568,005,5,dk,Denmark,45,ApS KBUS
238,568,023,575,dk,Denmark,45,Banedanmark
238,568,028,655,dk,Denmark,45,CoolTEL ApS
238,568,006,111,dk,Denmark,45,Hi3G
238,568,012,303,dk,Denmark,45,Lycamobile Ltd
238,568,003,63,dk,Denmark,45,Mach Connectivity ApS
238,568,007,127,dk,Denmark,45,
238,568,004,79,dk,Denmark,45,NextGen Mobile Ltd (CardBoardFish)
238,568,010,271,dk,Denmark,45,TDC Denmark
238,568,001,31,dk,Denmark,45,TDC Denmark2
238,568,002,47,dk,Denmark,45,Telenor/Sonofon
238,568,077,1919,dk,Denmark,45,Telenor/Sonofon
238,568,020,527,dk,Denmark,45,Telia
238,568,030,783,dk,Denmark,45,Telia2
638,1592,001,31,dj,Djibouti,253,Djibouti Telecom SA (Evatis)
366,870,110,272,dm,Dominica,1767,C & W
366,870,020,32,dm,Dominica,1767,Cingular Wireless/Digicel
366,870,050,80,dm,Dominica,1767,Wireless Ventures (Dominica) Ltd (Digicel Dominica)
370,880,002,47,do,Dominican Republic,1809,Claro
370,880,001,31,do,Dominican Republic,1809,Orange
370,880,003,63,do,Dominican Republic,1809,TRIcom
370,880,004,79,do,Dominican Republic,1809,Trilogy Dominicana S. A.
740,1856,002,47,ec,Ecuador,593,Alegro/Telcsa
740,1856,000,15,ec,Ecuador,593,MOVISTAR/OteCel
740,1856,001,31,ec,Ecuador,593,Porta/Conecel
602,1538,001,31,eg,Egypt,20,EMS - Mobinil
602,1538,003,63,eg,Egypt,20,ETISALAT
602,1538,002,47,eg,Egypt,20,Vodafone (Misrfone Telecom)
706,1798,001,31,sv,El Salvador,503,CLARO/CTE
706,1798,002,47,sv,El Salvador,503,Digicel
706,1798,005,95,sv,El Salvador,503,INTELFON SA de CV
706,1798,004,79,sv,El Salvador,503,Telefonica
706,1798,003,63,sv,El Salvador,503,Telemovil
627,1575,003,63,gq,Equatorial Guinea,240,HiTs-GE
627,1575,001,31,gq,Equatorial Guinea,240,ORANGE/GETESA
657,1623,000,0,er,Eritrea,291,EriTel
657,1623,001,31,er,Eritrea,291,Eritel
248,584,001,31,ee,Estonia,372,EMT GSM
248,584,002,47,ee,Estonia,372,Radiolinja Eesti
248,584,003,63,ee,Estonia,372,Tele2 Eesti AS
248,584,004,79,ee,Estonia,372,Top Connect OU
636,1590,001,31,et,Ethiopia,251,ETH/MTN
750,1872,001,1,fk,Falkland Islands (Malvinas),,Cable and Wireless South Atlantic Ltd (Falkland Islands
288,648,003,63,fo,Faroe Islands,298,Edge Mobile Sp/F
288,648,001,31,fo,Faroe Islands,298,Faroese Telecom
288,648,002,47,fo,Faroe Islands,298,Kall GSM
542,1346,002,47,fj,Fiji,679,DigiCell
542,1346,001,31,fj,Fiji,679,Vodafone
244,580,014,335,fi,Finland,358,Alands
244,580,026,623,fi,Finland,358,Compatel Ltd
244,580,013,319,fi,Finland,358,DNA/Finnet
244,580,012,303,fi,Finland,358,DNA/Finnet2
244,580,004,79,fi,Finland,358,DNA/Finnet
244,580,003,63,fi,Finland,358,DNA/Finnet2
244,580,021,543,fi,Finland,358,Elisa/Saunalahti
244,580,005,95,fi,Finland,358,Elisa/Saunalahti2
244,580,082,2095,fi,Finland,358,ID-Mobile
244,580,011,287,fi,Finland,358,Mundio Mobile (Finland) Ltd
244,580,009,159,fi,Finland,358,Nokia Oyj
244,580,010,271,fi,Finland,358,TDC Oy Finland
244,580,091,2335,fi,Finland,358,TeliaSonera
208,520,027,639,fr,France,33,AFONE SA
208,520,092,2351,fr,France,33,Association Plate-forme Telecom
208,520,028,655,fr,France,33,Astrium
208,520,088,2191,fr,France,33,Bouygues Telecom
208,520,021,543,fr,France,33,Bouygues Telecom2
208,520,020,527,fr,France,33,Bouygues Telecom3
208,520,014,335,fr,France,33,Lliad/FREE Mobile
208,520,005,95,fr,France,33,GlobalStar
208,520,007,127,fr,France,33,GlobalStar2
208,520,006,111,fr,France,33,GlobalStar3
208,520,029,671,fr,France,33,Orange
208,520,016,367,fr,France,33,Lliad/FREE Mobile
208,520,015,351,fr,France,33,Lliad/FREE Mobile2
208,520,025,607,fr,France,33,Lycamobile SARL
208,520,024,591,fr,France,33,MobiquiThings
208,520,003,63,fr,France,33,MobiquiThings2
208,520,031,799,fr,France,33,Mundio Mobile (France) Ltd
208,520,026,623,fr,France,33,NRJ
208,520,089,2207,fr,France,33,Omer/Virgin Mobile
208,520,023,575,fr,France,33,Omer/Virgin Mobile2
208,520,002,47,fr,France,33,Orange
208,520,001,31,fr,France,33,Orange2
208,520,091,2335,fr,France,33,Orange3
208,520,013,319,fr,France,33,S.F.R.
208,520,011,287,fr,France,33,S.F.R.2
208,520,010,271,fr,France,33,S.F.R.3
208,520,009,159,fr,France,33,S.F.R.4
208,520,004,79,fr,France,33,SISTEER
208,520,000,15,fr,France,33,Tel/Tel
208,520,022,559,fr,France,33,Transatel SA
340,832,020,527,gf,French Guiana,594,Bouygues/DigiCel
340,832,008,143,gf,French Guiana,594,AMIGO/Dauphin
340,832,001,31,gf,French Guiana,594,Orange Caribe
340,832,002,47,gf,French Guiana,594,Outremer Telecom
340,832,011,287,gf,French Guiana,594,TelCell GSM
340,832,003,63,gf,French Guiana,594,TelCell GSM2
547,1351,015,351,pf,French Polynesia,689,Pacific Mobile Telecom (PMT)
547,1351,020,527,pf,French Polynesia,689,Tikiphone
628,1576,004,79,ga,Gabon,241,Azur/Usan S.A.
628,1576,001,31,ga,Gabon,241,Libertis S.A.
628,1576,002,47,ga,Gabon,241,MOOV/Telecel
628,1576,003,63,ga,Gabon,241,ZAIN/Celtel Gabon S.A.
607,1543,002,47,gm,Gambia,220,Africel
607,1543,003,63,gm,Gambia,220,Comium
607,1543,001,31,gm,Gambia,220,Gamcel
607,1543,004,79,gm,Gambia,220,Q-Cell
282,642,001,31,ge,Georgia,995,Geocell Ltd.
282,642,003,3,ge,Georgia,995,Iberiatel Ltd.
282,642,002,47,ge,Georgia,995,Magti GSM Ltd.
282,642,004,79,ge,Georgia,995,MobiTel/Beeline
282,642,000,0,ge,Georgia,995,Silknet
262,610,017,383,de,Germany,49,E-Plus
262,610,003,63,de,Germany,49,E-Plus2
262,610,005,95,de,Germany,49,E-Plus3
262,610,077,1919,de,Germany,49,E-Plus4
262,610,014,335,de,Germany,49,Group 3G UMTS
262,610,043,1087,de,Germany,49,Lycamobile
262,610,013,319,de,Germany,49,Mobilcom
262,610,007,127,de,Germany,49,O2
262,610,011,287,de,Germany,49,O2-2
262,610,008,143,de,Germany,49,O2-3
262,610,010,271,de,Germany,49,O2-4
262,610,012,303,de,Germany,49,O2-5
262,610,006,111,de,Germany,49,Telekom/T-mobile
262,610,001,31,de,Germany,49,Telekom/T-mobile2
262,610,016,367,de,Germany,49,Telogic/ViStream
262,610,004,79,de,Germany,49,Vodafone D2
262,610,002,47,de,Germany,49,Vodafone D2-2
262,610,009,159,de,Germany,49,Vodafone D2-3
620,1568,004,79,gh,Ghana,233,Expresso Ghana Ltd
620,1568,007,127,gh,Ghana,233,GloMobile
620,1568,003,63,gh,Ghana,233,Milicom/Tigo
620,1568,001,31,gh,Ghana,233,MTN
620,1568,002,47,gh,Ghana,233,Vodafone
620,1568,006,111,gh,Ghana,233,ZAIN
266,614,006,111,gi,Gibraltar,350,CTS Mobile
266,614,009,159,gi,Gibraltar,350,eazi telecom
266,614,001,31,gi,Gibraltar,350,Gibtel GSM
202,514,007,127,gr,Greece,30,AMD Telecom SA
202,514,002,47,gr,Greece,30,Cosmote
202,514,001,31,gr,Greece,30,Cosmote2
202,514,004,79,gr,Greece,30,Organismos Sidirodromon Ellados (OSE)
202,514,003,63,gr,Greece,30,OTE Hellenic Telecommunications Organization SA
202,514,010,271,gr,Greece,30,Tim/Wind
202,514,009,159,gr,Greece,30,Tim/Wind2
202,514,005,95,gr,Greece,30,Vodafone
290,656,001,31,gl,Greenland,299,Tele Greenland
352,850,110,272,gd,Grenada,1473,Cable & Wireless
352,850,030,48,gd,Grenada,1473,Digicel
352,850,050,80,gd,Grenada,1473,Digicel2
340,832,008,143,gp,Guadeloupe,590,Dauphin Telecom SU (Guadeloupe Telecom) (Guadeloupe)
340,832,020,527,gp,Guadeloupe,590,Digicel Antilles Francaises Guyane SA (Guadeloupe)
340,832,001,31,gp,Guadeloupe,590,Orange Caribe
340,832,002,47,gp,Guadeloupe,590,Outremer Telecom Guadeloupe (only) (Guadeloupe)
340,832,010,271,gp,Guadeloupe,590,United Telecommunications Services Caraibe SARL (UTS Caraibe Guadeloupe Telephone Mobile) (Guadeloupe)
340,832,003,63,gp,Guadeloupe,590,United Telecommunications Services Caraibe SARL (UTS Caraibe Guadeloupe Telephone Mobile) (Guadeloupe)2
310,784,480,1152,gu,Guam,1671,Choice Phone LLC
310,784,370,880,gu,Guam,1671,Docomo
310,784,470,1136,gu,Guam,1671,Docomo2
310,784,140,320,gu,Guam,1671,GTA Wireless
310,784,033,51,gu,Guam,1671,Guam Teleph. Auth.
310,784,032,50,gu,Guam,1671,IT&E OverSeas
311,785,250,592,gu,Guam,1671,Wave Runner LLC
704,1796,001,31,gt,Guatemala,502,SERCOM
704,1796,003,63,gt,Guatemala,502,Telefonica
704,1796,002,47,gt,Guatemala,502,TIGO/COMCEL
611,1553,004,4,gn,Guinea,224,Areeba - MTN
611,1553,005,95,gn,Guinea,224,Celcom
611,1553,003,63,gn,Guinea,224,Intercel
611,1553,001,31,gn,Guinea,224,Orange/Spacetel
611,1553,002,47,gn,Guinea,224,SotelGui
632,1586,000,0,gw,Guinea-Bissau,245,GuineTel
632,1586,001,31,gw,Guinea-Bissau,245,GuineTel2
632,1586,003,63,gw,Guinea-Bissau,245,Orange
632,1586,002,47,gw,Guinea-Bissau,245,SpaceTel
738,1848,002,47,gy,Guyana,592,Cellink Plus
738,1848,001,31,gy,Guyana,592,DigiCel
372,882,001,31,ht,Haiti,509,Comcel
372,882,002,47,ht,Haiti,509,Digicel
372,882,003,63,ht,Haiti,509,National Telecom SA (NatCom)
708,1800,040,64,hn,Honduras,504,Digicel
708,1800,030,48,hn,Honduras,504,HonduTel
708,1800,001,1,hn,Honduras,504,SERCOM/CLARO
708,1800,002,2,hn,Honduras,504,Telefonica/CELTEL
454,1108,013,319,hk,Hongkong China,852,China Mobile/Peoples
454,1108,012,303,hk,Hongkong China,852,China Mobile/Peoples2
454,1108,009,159,hk,Hongkong China,852,China Motion
454,1108,007,127,hk,Hongkong China,852,China Unicom Ltd
454,1108,011,287,hk,Hongkong China,852,China-HongKong Telecom Ltd (CHKTL)
454,1108,001,31,hk,Hongkong China,852,Citic Telecom Ltd.
454,1108,018,399,hk,Hongkong China,852,CSL Ltd.
454,1108,002,47,hk,Hongkong China,852,CSL Ltd.2
454,1108,000,15,hk,Hongkong China,852,CSL Ltd.3
454,1108,010,271,hk,Hongkong China,852,CSL/New World PCS Ltd.
454,1108,014,335,hk,Hongkong China,852,H3G/Hutchinson
454,1108,005,95,hk,Hongkong China,852,H3G/Hutchinson2
454,1108,004,79,hk,Hongkong China,852,H3G/Hutchinson3
454,1108,003,63,hk,Hongkong China,852,H3G/Hutchinson4
454,1108,016,367,hk,Hongkong China,852,HKT/PCCW
454,1108,019,415,hk,Hongkong China,852,HKT/PCCW2
454,1108,020,527,hk,Hongkong China,852,HKT/PCCW3
454,1108,029,671,hk,Hongkong China,852,HKT/PCCW4
454,1108,047,1151,hk,Hongkong China,852,shared by private TETRA systems
454,1108,040,1039,hk,Hongkong China,852,shared by private TETRA systems2
454,1108,008,143,hk,Hongkong China,852,Trident Telecom Ventures Ltd.
454,1108,017,383,hk,Hongkong China,852,Vodafone/SmarTone
454,1108,015,351,hk,Hongkong China,852,Vodafone/SmarTone2
454,1108,006,111,hk,Hongkong China,852,Vodafone/SmarTone3
216,534,001,31,hu,Hungary,36,Pannon/Telenor
216,534,030,783,hu,Hungary,36,T-mobile/Magyar
216,534,071,1823,hu,Hungary,36,UPC Magyarorszag Kft.
216,534,070,1807,hu,Hungary,36,Vodafone
274,628,009,159,is,Iceland,354,Amitelo
274,628,007,127,is,Iceland,354,IceCell
274,628,008,143,is,Iceland,354,Landssiminn
274,628,001,31,is,Iceland,354,Landssiminn2
274,628,011,287,is,Iceland,354,NOVA
274,628,004,79,is,Iceland,354,VIKING/IMC
274,628,003,63,is,Iceland,354,Vodafone/Tal hf
274,628,005,95,is,Iceland,354,Vodafone/Tal hf2
274,628,002,47,is,Iceland,354,Vodafone/Tal hf3
404,1028,029,671,in,India,91,Aircel
404,1028,028,655,in,India,91,Aircel2
404,1028,025,607,in,India,91,Aircel3
404,1028,017,383,in,India,91,Aircel4
404,1028,042,1071,in,India,91,Aircel5
404,1028,033,831,in,India,91,Aircel6
404,1028,001,1,in,India,91,Aircel Digilink India
404,1028,015,351,in,India,91,Aircel Digilink India-2
404,1028,060,1551,in,India,91,Aircel Digilink India-3
404,1028,049,000,in,India,91,AirTel
405,1029,055,1375,in,India,91,AirTel2
405,1029,054,1375,in,India,91,AirTel3
405,1029,053,1343,in,India,91,AirTel4
405,1029,051,1311,in,India,91,AirTel5
405,1029,056,1391,in,India,91,Airtel (Bharati Mobile) - Assam
404,1028,086,2159,in,India,91,Barakhamba Sales & Serv.
404,1028,013,319,in,India,91,Vodafone
404,1028,011,000,in,India,91,Vodafone2
404,1028,058,1423,in,India,91,BSNL
404,1028,081,2079,in,India,91,BSNL2
404,1028,074,1871,in,India,91,BSNL3
404,1028,038,911,in,India,91,BSNL4
404,1028,057,1407,in,India,91,BSNL5
404,1028,080,2063,in,India,91,BSNL6
404,1028,073,1855,in,India,91,BSNL7
404,1028,034,847,in,India,91,BSNL8
404,1028,066,1647,in,India,91,BSNL9
404,1028,055,1375,in,India,91,BSNL10
404,1028,072,1839,in,India,91,BSNL11
404,1028,077,1919,in,India,91,BSNL12
404,1028,064,1615,in,India,91,BSNL13
404,1028,054,1359,in,India,91,BSNL14
404,1028,071,1823,in,India,91,BSNL15
404,1028,076,1903,in,India,91,BSNL16
404,1028,053,1343,in,India,91,BSNL17
404,1028,062,1583,in,India,91,BSNL18
404,1028,059,1439,in,India,91,BSNL19
404,1028,075,1887,in,India,91,BSNL20
404,1028,051,1311,in,India,91,BSNL21
405,1028,001,000,in,INDIA,91,Reliance
405,1028,025,000,in,India,91,TATA DOCOMO
405,1028,036,000,in,India,91,TATA DOCOMO2
405,1029,010,271,in,India,91,Bharti Airtel Limited (Delhi)
404,1028,079,1951,in,India,91,CellOne A&N
404,1028,089,2207,in,India,91,Escorts Telecom Ltd.
404,1028,088,2191,in,India,91,Escorts Telecom Ltd.2
404,1028,087,2175,in,India,91,Escorts Telecom Ltd.3
404,1028,082,2095,in,India,91,Escorts Telecom Ltd.4
404,1028,012,303,in,India,91,Escotel Mobile Communications
404,1028,019,415,in,India,91,Escotel Mobile Communications2
404,1028,056,1391,in,India,91,Escotel Mobile Communications3
405,1029,005,5,in,India,91,Fascel Limited
404,1028,005,5,in,India,91,Fascel
404,1028,070,1807,in,India,91,Hexacom India
404,1028,016,367,in,India,91,Hexcom India2
404,1028,004,4,in,India,91,Idea Cellular Ltd.
404,1028,024,591,in,India,91,Idea Cellular Ltd.
404,1028,022,559,in,India,91,Idea Cellular Ltd.2
404,1028,078,1935,in,India,91,Idea Cellular Ltd.3
404,1028,007,7,in,India,91,Idea Cellular Ltd.4
404,1028,069,1695,in,India,91,Mahanagar Telephone Nigam
404,1028,068,1679,in,India,91,Mahanagar Telephone Nigam2
404,1028,083,2111,in,India,91,Reliable Internet Services
405,1029,009,9,in,India,91,RELIANCE TELECOM
404,1028,036,879,in,India,91,Reliance Telecom Private
404,1028,052,1327,in,India,91,Reliance Telecom Private2
404,1028,050,1295,in,India,91,Reliance Telecom Private3
404,1028,067,1663,in,India,91,Reliance Telecom Private4
404,1028,018,399,in,India,91,Reliance Telecom Private5
404,1028,085,2143,in,India,91,Reliance Telecom Private6
404,1028,009,9,in,India,91,Reliance Telecom Private7
404,1028,041,1055,in,India,91,RPG Cellular
404,1028,014,335,in,India,91,Spice
404,1028,044,1103,in,India,91,Spice2
404,1028,011,287,in,India,91,Sterling Cellular Ltd.
404,1028,030,783,in,India,91,Usha Martin Telecom
510,1296,008,143,id,Indonesia,62,Axis/Natrindo
510,1296,089,2207,id,Indonesia,62,H3G CP
510,1296,021,543,id,Indonesia,62,Indosat/Satelindo/M3
510,1296,001,31,id,Indonesia,62,Indosat/Satelindo/M3
510,1296,000,0,id,Indonesia,62,PT Pasifik Satelit Nusantara (PSN)
510,1296,000,15,id,Indonesia,62,PT Pasifik Satelit Nusantara (PSN)2
510,1296,027,639,id,Indonesia,62,PT Sampoerna Telekomunikasi Indonesia (STI)
510,1296,009,159,id,Indonesia,62,PT Smartfren Telecom Tbk
510,1296,028,655,id,Indonesia,62,PT Smartfren Telecom Tbk2
510,1296,011,287,id,Indonesia,62,PT. Excelcom
510,1296,010,271,id,Indonesia,62,Telkomsel
901,2305,013,319,n/a,International Networks,882,Antarctica
432,1074,019,415,ir,Iran,98,Mobile Telecommunications Company of Esfahan JV-PJS (MTCE)
432,1074,070,1807,ir,Iran,98,MTCE
432,1074,035,863,ir,Iran,98,MTN/IranCell
432,1074,032,815,ir,Iran,98,Taliya
432,1074,011,287,ir,Iran,98,TCI / MCI
432,1074,014,335,ir,Iran,98,TKC/KFZO
418,1048,005,95,iq,Iraq,964,Asia Cell
418,1048,092,2351,iq,Iraq,964,Itisaluna and Kalemat
418,1048,082,2095,iq,Iraq,964,Korek
418,1048,040,1039,iq,Iraq,964,Korek2
418,1048,045,1119,iq,Iraq,964,Mobitel (Iraq-Kurdistan) and Moutiny
418,1048,030,783,iq,Iraq,964,Orascom Telecom
418,1048,020,527,iq,Iraq,964,ZAIN/Atheer
418,1048,008,8,iq,Iraq,964,Sanatel
272,626,004,79,ie,Ireland,353,Access Telecom Ltd.
272,626,009,159,ie,Ireland,353,Clever Communications Ltd
272,626,007,127,ie,Ireland,353,eircom Ltd
272,626,005,95,ie,Ireland,353,H3G
272,626,011,287,ie,Ireland,353,Liffey Telecom
272,626,013,319,ie,Ireland,353,Lycamobile
272,626,003,63,ie,Ireland,353,Meteor Mobile Ltd.
272,626,002,47,ie,Ireland,353,O2/Digifone
272,626,001,31,ie,Ireland,353,Vodafone Eircell
425,1061,014,335,il,Israel,972,Alon Cellular Ltd
425,1061,002,47,il,Israel,972,Cellcom ltd.
425,1061,008,143,il,Israel,972,Golan Telekom
425,1061,015,351,il,Israel,972,Home Cellular Ltd
425,1061,077,1919,il,Israel,972,Hot Mobile/Mirs
425,1061,007,127,il,Israel,972,Hot Mobile/Mirs2
425,1061,001,31,il,Israel,972,Orange/Partner Co. Ltd.
425,1061,003,63,il,Israel,972,Pelephone
425,1061,016,367,il,Israel,972,Rami Levy Hashikma Marketing Communications Ltd
222,546,034,847,it,Italy,39,BT Italia SpA
222,546,002,47,it,Italy,39,Elsacom
222,546,099,2463,it,Italy,39,Hi3G
222,546,033,831,it,Italy,39,Hi3G-2
222,546,077,1919,it,Italy,39,IPSE 2000
222,546,035,863,it,Italy,39,Lycamobile Srl
222,546,007,127,it,Italy,39,Noverca Italia Srl
222,546,030,783,it,Italy,39,RFI Rete Ferroviaria Italiana SpA
222,546,048,1167,it,Italy,39,Telecom Italia Mobile SpA
222,546,043,1087,it,Italy,39,Telecom Italia Mobile SpA2
222,546,001,31,it,Italy,39,TIM
222,546,010,271,it,Italy,39,Vodafone
222,546,006,111,it,Italy,39,Vodafone
222,546,044,1103,it,Italy,39,WIND (Blu)
222,546,088,2191,it,Italy,39,WIND (Blu)2
612,1554,007,127,ci,Ivory Coast,225,Aircomm SA
612,1554,002,47,ci,Ivory Coast,225,Atlantik Tel./Moov
612,1554,004,79,ci,Ivory Coast,225,Comium
612,1554,001,1,ci,Ivory Coast,225,Comstar
612,1554,005,95,ci,Ivory Coast,225,MTN
612,1554,003,63,ci,Ivory Coast,225,Orange
612,1554,006,111,ci,Ivory Coast,225,OriCell
612,1554,000,0,ci,Ivory Coast,225,Warid
338,824,110,272,jm,Jamaica,1876,Cable & Wireless
338,824,020,32,jm,Jamaica,1876,Cable & Wireless-2
338,824,180,384,jm,Jamaica,1876,Cable & Wireless-3
338,824,050,80,jm,Jamaica,1876,DIGICEL/Mossel
440,1088,000,0,jp,Japan,81,eMobile
440,1088,074,1871,jp,Japan,81,KDDI Corporation
440,1088,070,1807,jp,Japan,81,KDDI Corporation2
440,1088,089,2207,jp,Japan,81,KDDI Corporation3
440,1088,051,1311,jp,Japan,81,KDDI Corporation4
440,1088,075,1887,jp,Japan,81,KDDI Corporation5
440,1088,056,1391,jp,Japan,81,KDDI Corporation6
441,1089,070,1807,jp,Japan,81,KDDI Corporation7
440,1088,052,1327,jp,Japan,81,KDDI Corporation8
440,1088,076,1903,jp,Japan,81,KDDI Corporation9
440,1088,071,1823,jp,Japan,81,KDDI Corporation10
440,1088,053,1343,jp,Japan,81,KDDI Corporation11
440,1088,077,1919,jp,Japan,81,KDDI Corporation12
440,1088,008,143,jp,Japan,81,KDDI Corporation13
440,1088,072,1839,jp,Japan,81,KDDI Corporation14
440,1088,054,1359,jp,Japan,81,KDDI Corporation15
440,1088,079,1951,jp,Japan,81,KDDI Corporation16
440,1088,007,127,jp,Japan,81,KDDI Corporation17
440,1088,073,1855,jp,Japan,81,KDDI Corporation18
440,1088,055,1375,jp,Japan,81,KDDI Corporation19
440,1088,088,2191,jp,Japan,81,KDDI Corporation20
440,1088,050,1295,jp,Japan,81,KDDI Corporation21
440,1088,021,543,jp,Japan,81,NTT Docomo
441,1089,044,1103,jp,Japan,81,NTT Docomo2
440,1088,013,319,jp,Japan,81,NTT Docomo3
440,1088,023,575,jp,Japan,81,NTT Docomo4
440,1088,016,367,jp,Japan,81,NTT Docomo5
441,1089,099,2463,jp,Japan,81,NTT Docomo6
440,1088,034,847,jp,Japan,81,NTT Docomo7
440,1088,069,1695,jp,Japan,81,NTT Docomo8
440,1088,064,1615,jp,Japan,81,NTT Docomo9
440,1088,037,895,jp,Japan,81,NTT Docomo10
440,1088,025,607,jp,Japan,81,NTT Docomo11
440,1088,022,559,jp,Japan,81,NTT Docomo12
441,1089,043,1087,jp,Japan,81,NTT Docomo13
440,1088,027,639,jp,Japan,81,NTT Docomo14
440,1088,002,47,jp,Japan,81,NTT Docomo15
440,1088,017,383,jp,Japan,81,NTT Docomo16
440,1088,031,799,jp,Japan,81,NTT Docomo17
440,1088,087,2175,jp,Japan,81,NTT Docomo18
440,1088,065,1631,jp,Japan,81,NTT Docomo19
440,1088,036,879,jp,Japan,81,NTT Docomo20
441,1089,092,2351,jp,Japan,81,NTT Docomo21
440,1088,012,303,jp,Japan,81,NTT Docomo22
440,1088,058,1423,jp,Japan,81,NTT Docomo23
440,1088,028,655,jp,Japan,81,NTT Docomo24
440,1088,003,63,jp,Japan,81,NTT Docomo25
440,1088,018,399,jp,Japan,81,NTT Docomo26
441,1089,091,2335,jp,Japan,81,NTT Docomo27
440,1088,032,815,jp,Japan,81,NTT Docomo28
440,1088,061,1567,jp,Japan,81,NTT Docomo29
440,1088,066,1647,jp,Japan,81,NTT Docomo30
440,1088,035,863,jp,Japan,81,NTT Docomo31
441,1089,093,2367,jp,Japan,81,NTT Docomo32
441,1089,040,1039,jp,Japan,81,NTT Docomo33
440,1088,049,1183,jp,Japan,81,NTT Docomo34
440,1088,029,671,jp,Japan,81,NTT Docomo35
440,1088,009,159,jp,Japan,81,NTT Docomo36
440,1088,019,415,jp,Japan,81,NTT Docomo37
441,1089,090,2319,jp,Japan,81,NTT Docomo38
440,1088,033,831,jp,Japan,81,NTT Docomo39
440,1088,060,1551,jp,Japan,81,NTT Docomo40
440,1088,014,335,jp,Japan,81,NTT Docomo41
441,1089,094,2383,jp,Japan,81,NTT Docomo42
441,1089,041,1055,jp,Japan,81,NTT Docomo43
440,1088,067,1663,jp,Japan,81,NTT Docomo44
440,1088,062,1583,jp,Japan,81,NTT Docomo45
440,1088,001,31,jp,Japan,81,NTT Docomo46
440,1088,039,927,jp,Japan,81,NTT Docomo47
440,1088,030,783,jp,Japan,81,NTT Docomo48
440,1088,010,271,jp,Japan,81,NTT Docomo49
440,1088,020,527,jp,Japan,81,NTT Docomo50
441,1089,045,1119,jp,Japan,81,NTT Docomo51
440,1088,024,591,jp,Japan,81,NTT Docomo52
440,1088,015,351,jp,Japan,81,NTT Docomo53
441,1089,098,2447,jp,Japan,81,NTT Docomo54
441,1089,042,1071,jp,Japan,81,NTT Docomo55
440,1088,068,1679,jp,Japan,81,NTT Docomo56
440,1088,063,1599,jp,Japan,81,NTT Docomo57
440,1088,038,911,jp,Japan,81,NTT Docomo58
440,1088,026,623,jp,Japan,81,NTT Docomo59
440,1088,011,287,jp,Japan,81,NTT Docomo60
440,1088,099,2463,jp,Japan,81,NTT Docomo61
440,1088,078,1935,jp,Japan,81,Okinawa Cellular Telephone
440,1088,047,1151,jp,Japan,81,SoftBank Mobile Corp
440,1088,095,2399,jp,Japan,81,SoftBank Mobile Corp2
440,1088,041,1055,jp,Japan,81,SoftBank Mobile Corp3
441,1089,064,1615,jp,Japan,81,SoftBank Mobile Corp4
440,1088,046,1135,jp,Japan,81,SoftBank Mobile Corp5
440,1088,097,2431,jp,Japan,81,SoftBank Mobile Corp6
440,1088,042,1071,jp,Japan,81,SoftBank Mobile Corp7
441,1089,065,1631,jp,Japan,81,SoftBank Mobile Corp8
440,1088,090,2319,jp,Japan,81,SoftBank Mobile Corp9
440,1088,092,2351,jp,Japan,81,SoftBank Mobile Corp10
440,1088,098,2447,jp,Japan,81,SoftBank Mobile Corp11
440,1088,043,1087,jp,Japan,81,SoftBank Mobile Corp12
440,1088,048,1167,jp,Japan,81,SoftBank Mobile Corp13
440,1088,093,2367,jp,Japan,81,SoftBank Mobile Corp14
440,1088,006,111,jp,Japan,81,SoftBank Mobile Corp15
441,1089,061,1567,jp,Japan,81,SoftBank Mobile Corp16
440,1088,044,1103,jp,Japan,81,SoftBank Mobile Corp17
440,1088,004,79,jp,Japan,81,SoftBank Mobile Corp18
440,1088,094,2383,jp,Japan,81,SoftBank Mobile Corp19
441,1089,062,1583,jp,Japan,81,SoftBank Mobile Corp20
440,1088,045,1119,jp,Japan,81,SoftBank Mobile Corp21
440,1088,040,1039,jp,Japan,81,SoftBank Mobile Corp22
440,1088,096,2415,jp,Japan,81,SoftBank Mobile Corp23
441,1089,063,1599,jp,Japan,81,SoftBank Mobile Corp24
440,1088,085,2143,jp,Japan,81,KDDI Corporation
440,1088,083,2111,jp,Japan,81,KDDI Corporation2
440,1088,081,2079,jp,Japan,81,KDDI Corporation3
440,1088,080,2063,jp,Japan,81,KDDI Corporation4
440,1088,086,2159,jp,Japan,81,KDDI Corporation5
440,1088,084,2127,jp,Japan,81,KDDI Corporation6
440,1088,082,2095,jp,Japan,81,KDDI Corporation7
416,1046,077,1919,jo,Jordan,962,Orange/Petra
416,1046,003,63,jo,Jordan,962,Umniah Mobile Co.
416,1046,002,2,jo,Jordan,962,Xpress
416,1046,001,31,jo,Jordan,962,ZAIN /J.M.T.S
401,1025,001,31,kz,Kazakhstan,7,Beeline/KaR-Tel LLP
401,1025,007,127,kz,Kazakhstan,7,Dalacom/Altel
401,1025,002,47,kz,Kazakhstan,7,K-Cell
401,1025,077,1919,kz,Kazakhstan,7,NEO/MTS
639,1593,005,95,ke,Kenya,254,Econet Wireless
639,1593,007,127,ke,Kenya,254,Orange
639,1593,002,47,ke,Kenya,254,Safaricom Ltd.
639,1593,003,63,ke,Kenya,254,Zain/Celtel Ltd.
545,1349,009,9,ki,Kiribati,686,Kiribati Frigate
467,1127,193,403,kp,Korea N. Dem. People's Rep.,850,Sun Net
450,1104,002,47,kr,Korea S Republic of,82,KT Freetel Co. Ltd.
450,1104,004,79,kr,Korea S Republic of,82,KT Freetel Co. Ltd.2
450,1104,008,143,kr,Korea S Republic of,82,KT Freetel Co. Ltd.3
450,1104,006,111,kr,Korea S Republic of,82,LG Telecom
450,1104,003,63,kr,Korea S Republic of,82,SK Telecom
450,1104,005,95,kr,Korea S Republic of,82,SK Telecom Co. Ltd
419,1049,004,79,kw,Kuwait,965,Viva
419,1049,003,63,kw,Kuwait,965,Wantaniya
419,1049,002,47,kw,Kuwait,965,Zain
437,1079,003,63,kg,Kyrgyzstan,996,AkTel LLC
437,1079,001,31,kg,Kyrgyzstan,996,Beeline/Bitel
437,1079,005,95,kg,Kyrgyzstan,996,MEGACOM
437,1079,009,159,kg,Kyrgyzstan,996,O!/NUR Telecom
457,1111,002,47,la,Laos P.D.R.,856,ETL Mobile
457,1111,001,31,la,Laos P.D.R.,856,Lao Tel
457,1111,008,143,la,Laos P.D.R.,856,Tigo/Millicom
457,1111,003,63,la,Laos P.D.R.,856,UNITEL/LAT
247,583,005,95,lv,Latvia,371,Bite Latvija
247,583,001,31,lv,Latvia,371,Latvian Mobile Phone
247,583,009,159,lv,Latvia,371,SIA Camel Mobile
247,583,008,143,lv,Latvia,371,SIA IZZI
247,583,007,127,lv,Latvia,371,SIA Master Telecom
247,583,006,111,lv,Latvia,371,SIA Rigatta
247,583,002,47,lv,Latvia,371,Tele2
247,583,003,63,lv,Latvia,371,TRIATEL/Telekom Baltija
415,1045,033,831,lb,Lebanon,961,Cellis
415,1045,032,815,lb,Lebanon,961,Cellis2
415,1045,035,863,lb,Lebanon,961,Cellis3
415,1045,034,847,lb,Lebanon,961,FTML Cellis
415,1045,039,927,lb,Lebanon,961,MIC2/LibanCell
415,1045,038,911,lb,Lebanon,961,MIC2/LibanCell2
415,1045,037,895,lb,Lebanon,961,MIC2/LibanCell3
415,1045,001,31,lb,Lebanon,961,MIC1 (Alfa)
415,1045,003,63,lb,Lebanon,961,Touch
415,1045,036,879,lb,Lebanon,961,MIC2/LibanCell
651,1617,002,47,ls,Lesotho,266,Econet/Ezi-cel
651,1617,001,31,ls,Lesotho,266,Vodacom Lesotho
618,1560,007,127,lr,Liberia,231,Celcom
618,1560,003,63,lr,Liberia,231,Celcom2
618,1560,004,79,lr,Liberia,231,Comium BVI
618,1560,002,47,lr,Liberia,231,Libercell
618,1560,020,527,lr,Liberia,231,LibTelco
618,1560,001,31,lr,Liberia,231,Lonestar
606,1542,002,47,ly,Libya,218,Al-Madar
606,1542,001,31,ly,Libya,218,Al-Madar2
606,1542,006,111,ly,Libya,218,Hatef
606,1542,000,15,ly,Libya,218,Libyana
606,1542,003,63,ly,Libya,218,Libyana2
295,661,006,111,li,Liechtenstein,423,CUBIC (Liechtenstein
295,661,007,127,li,Liechtenstein,423,First Mobile AG
295,661,005,95,li,Liechtenstein,423,Mobilkom AG
295,661,002,47,li,Liechtenstein,423,Orange
295,661,001,31,li,Liechtenstein,423,Swisscom FL AG
295,661,077,1919,li,Liechtenstein,423,Alpmobile/Tele2
246,582,002,47,lt,Lithuania,370,Bite
246,582,001,31,lt,Lithuania,370,Omnitel
246,582,003,63,lt,Lithuania,370,Tele2
270,624,077,1919,lu,Luxembourg,352,Millicom Tango GSM
270,624,001,31,lu,Luxembourg,352,P+T LUXGSM
270,624,099,2463,lu,Luxembourg,352,VOXmobile S.A.
455,1109,004,79,mo,Macao China,853,C.T.M. TELEMOVEL+
455,1109,001,31,mo,Macao China,853,C.T.M. TELEMOVEL+2
455,1109,002,47,mo,Macao China,853,China Telecom
455,1109,005,95,mo,Macao China,853,Hutchison Telephone (Macau) Company Ltd
455,1109,003,63,mo,Macao China,853,Hutchison Telephone (Macau) Company Ltd-2
455,1109,006,111,mo,Macao China,853,Smartone Mobile
455,1109,000,15,mo,Macao China,853,Smartone Mobile-2
294,660,075,1887,mk,Macedonia,389,MTS/Cosmofone
294,660,002,47,mk,Macedonia,389,MTS/Cosmofone2
294,660,001,31,mk,Macedonia,389,T-Mobile/Mobimak
294,660,003,63,mk,Macedonia,389,VIP Mobile
646,1606,001,31,mg,Madagascar,261,MADACOM
646,1606,002,47,mg,Madagascar,261,Orange/Soci
646,1606,003,63,mg,Madagascar,261,Sacel
646,1606,004,79,mg,Madagascar,261,Telma
650,1616,001,31,mw,Malawi,265,TNM/Telekom Network Ltd.
650,1616,010,271,mw,Malawi,265,Zain/Celtel ltd.
502,1282,001,31,my,Malaysia,60,Art900
502,1282,151,337,my,Malaysia,60,Baraka Telecom Sdn Bhd
502,1282,013,319,my,Malaysia,60,CelCom
502,1282,019,415,my,Malaysia,60,CelCom2
502,1282,016,367,my,Malaysia,60,Digi Telecommunications
502,1282,010,271,my,Malaysia,60,Digi Telecommunications-2
502,1282,020,527,my,Malaysia,60,Electcoms Wireless Sdn Bhd
502,1282,012,303,my,Malaysia,60,Maxis
502,1282,017,383,my,Malaysia,60,Maxis2
502,1282,011,287,my,Malaysia,60,MTX Utara
502,1282,153,339,my,Malaysia,60,Packet One Networks (Malaysia) Sdn Bhd
502,1282,155,341,my,Malaysia,60,Samata Communications Sdn Bhd
502,1282,154,340,my,Malaysia,60,Talk Focus Sdn Bhd
502,1282,018,399,my,Malaysia,60,U Mobile
502,1282,152,338,my,Malaysia,60,YES
472,1138,001,31,mv,Maldives,960,Dhiraagu/C&W
472,1138,002,47,mv,Maldives,960,Wataniya/WMOBILE
610,1552,001,31,ml,Mali,223,Malitel
610,1552,002,47,ml,Mali,223,Orange/IKATEL
278,632,021,543,mt,Malta,356,GO/Mobisle
278,632,077,1919,mt,Malta,356,Melita
278,632,001,31,mt,Malta,356,Vodafone
340,832,002,47,mq,Martinique (French Department of),,Outremer Telecom Martinique (only) (Martinique
340,832,012,303,mq,Martinique (French Department of),,United Telecommunications Services Caraibe SARL (UTS Caraibe Martinique Telephone Mobile) (Martinique
340,832,003,63,mq,Martinique (French Department of),,United Telecommunications Services Caraibe SARL (UTS Caraibe Martinique Telephone Mobile) (Martinique-2
609,1545,002,47,mr,Mauritania,222,Chinguitel SA
609,1545,001,31,mr,Mauritania,222,Mattel
609,1545,010,271,mr,Mauritania,222,Mauritel
617,1559,010,271,mu,Mauritius,230,Emtel Ltd
617,1559,002,47,mu,Mauritius,230,Mahanagar Telephone
617,1559,003,63,mu,Mauritius,230,Mahanagar Telephone2
617,1559,001,31,mu,Mauritius,230,Orange/Cellplus
334,820,000,15,mx,Mexico,52,Axtel
334,820,050,1295,mx,Mexico,52,IUSACell/UneFon
334,820,050,80,mx,Mexico,52,IUSACell/UneFon
334,820,040,64,mx,Mexico,52,IUSACell/UneFon2
334,820,004,79,mx,Mexico,52,IUSACell/UneFon3
334,820,003,63,mx,Mexico,52,Movistar/Pegaso
334,820,030,48,mx,Mexico,52,Movistar/Pegaso2
334,820,001,31,mx,Mexico,52,NEXTEL
334,820,090,144,mx,Mexico,52,NEXTEL2
334,820,010,16,mx,Mexico,52,NEXTEL3
334,820,080,128,mx,Mexico,52,Operadora Unefon SA de CV
334,820,070,112,mx,Mexico,52,Operadora Unefon SA de CV2
334,820,060,96,mx,Mexico,52,SAI PCS
334,820,000,15,mx,Mexico,52,SAI PCS-2
334,820,002,47,mx,Mexico,52,TelCel/America Movil
334,820,020,32,mx,Mexico,52,TelCel/America Movil-2
550,1360,001,31,fm,Micronesia,691,FSM Telecom
259,601,004,79,md,Moldova,373,Eventis Mobile
259,601,099,2463,md,Moldova,373,IDC/Unite
259,601,005,95,md,Moldova,373,IDC/Unite2
259,601,003,63,md,Moldova,373,IDC/Unite3
259,601,002,47,md,Moldova,373,Moldcell
259,601,001,31,md,Moldova,373,Orange/Voxtel
212,530,001,31,mc,Monaco,377,Dardafone LLC
212,530,010,271,mc,Monaco,377,Monaco Telecom
212,530,001,31,mc,Monaco,377,Monaco Telecom2
212,530,001,31,mc,Monaco,377,Post and Telecommunications of Kosovo JSC (PTK)
428,1064,098,2447,mn,Mongolia,976,G-Mobile Corporation Ltd
428,1064,099,2463,mn,Mongolia,976,Mobicom
428,1064,000,15,mn,Mongolia,976,Skytel Co. Ltd
428,1064,088,2191,mn,Mongolia,976,Unitel
297,663,002,47,me,Montenegro,382,Monet/T-mobile
297,663,003,63,me,Montenegro,382,Mtel
297,663,001,31,me,Montenegro,382,Promonte GSM
354,852,860,2144,ms,Montserrat,1664,Cable & Wireless
604,1540,001,31,ma,Morocco,212,IAM/Itissallat
604,1540,002,47,ma,Morocco,212,INWI/WANA
604,1540,000,15,ma,Morocco,212,Medi Telecom
643,1603,001,31,mz,Mozambique,258,mCel
643,1603,003,63,mz,Mozambique,258,Movitel
643,1603,004,79,mz,Mozambique,258,Vodacom Sarl
649,1609,003,63,na,Namibia,264,Leo / Orascom
649,1609,001,31,na,Namibia,264,MTC
649,1609,002,47,na,Namibia,264,Switch/Nam. Telec.
429,1065,002,47,np,Nepal,977,Ncell
429,1065,001,31,np,Nepal,977,NT Mobile / Namaste
429,1065,004,79,np,Nepal,977,Smart Cell
204,516,014,335,nl,Netherlands,31,6GMOBILE BV
204,516,023,575,nl,Netherlands,31,Aspider Solutions
204,516,005,95,nl,Netherlands,31,Elephant Talk Communications Premium Rate Services Netherlands BV
204,516,017,383,nl,Netherlands,31,Intercity Mobile Communications BV
204,516,010,271,nl,Netherlands,31,KPN Telecom B.V.
204,516,008,143,nl,Netherlands,31,KPN Telecom B.V.2
204,516,069,1695,nl,Netherlands,31,KPN Telecom B.V.3
204,516,012,303,nl,Netherlands,31,KPN/Telfort
204,516,028,655,nl,Netherlands,31,Lancelot BV
204,516,009,159,nl,Netherlands,31,Lycamobile Ltd
204,516,006,111,nl,Netherlands,31,Mundio/Vectone Mobile
204,516,021,543,nl,Netherlands,31,NS Railinfrabeheer B.V.
204,516,024,591,nl,Netherlands,31,Private Mobility Nederland BV
204,516,098,2447,nl,Netherlands,31,T-Mobile B.V.
204,516,016,367,nl,Netherlands,31,T-Mobile B.V.2
204,516,020,527,nl,Netherlands,31,Orange/T-mobile
204,516,002,47,nl,Netherlands,31,Tele2
204,516,007,127,nl,Netherlands,31,Teleena Holding BV
204,516,068,1679,nl,Netherlands,31,Unify Mobile
204,516,018,399,nl,Netherlands,31,UPC Nederland BV
204,516,004,79,nl,Netherlands,31,Vodafone Libertel
204,516,003,63,nl,Netherlands,31,Voiceworks Mobile BV
204,516,015,351,nl,Netherlands,31,Ziggo BV
362,866,630,1584,an,Netherlands Antilles,599,Cingular Wireless
362,866,069,1695,an,Netherlands Antilles,599,DigiCell
362,866,051,1311,an,Netherlands Antilles,599,TELCELL GSM
362,866,091,2335,an,Netherlands Antilles,599,SETEL GSM
362,866,951,2385,an,Netherlands Antilles,599,UTS Wireless
546,1350,001,31,nc,New Caledonia,687,OPT Mobilis
530,1328,028,655,nz,New Zealand,64,2degrees
530,1328,005,95,nz,New Zealand,64,Telecom Mobile Ltd
530,1328,002,2,nz,New Zealand,64,NZ Telecom CDMA
530,1328,004,4,nz,New Zealand,64,Telstra
530,1328,024,591,nz,New Zealand,64,Two Degrees Mobile Ltd
530,1328,001,31,nz,New Zealand,64,Vodafone
530,1328,003,3,nz,New Zealand,64,Walker Wireless Ltd.
710,1808,021,543,ni,Nicaragua,505,Empresa Nicaraguense de Telecomunicaciones SA (ENITEL)
710,1808,030,783,ni,Nicaragua,505,Movistar
710,1808,073,1855,ni,Nicaragua,505,Claro
614,1556,003,63,ne,Niger,227,Etisalat/TeleCel
614,1556,004,79,ne,Niger,227,Orange/Sahelc.
614,1556,001,31,ne,Niger,227,Orange/Sahelc.2
614,1556,002,47,ne,Niger,227,Zain/CelTel
621,1569,020,527,ng,Nigeria,234,Airtel/ZAIN/Econet
621,1569,060,1551,ng,Nigeria,234,ETISALAT
621,1569,050,1295,ng,Nigeria,234,Glo Mobile
621,1569,040,1039,ng,Nigeria,234,M-Tel/Nigeria Telecom. Ltd.
621,1569,030,783,ng,Nigeria,234,MTN
621,1569,099,2463,ng,Nigeria,234,Starcomms
621,1569,025,607,ng,Nigeria,234,Visafone
621,1569,001,31,ng,Nigeria,234,Visafone2
555,1365,001,31,nu,Niue,,Niue Telecom
242,578,009,159,no,Norway,47,Com4 AS
242,578,020,527,no,Norway,47,Jernbaneverket (GSM-R)
242,578,021,543,no,Norway,47,Jernbaneverket (GSM-R)-2
242,578,023,575,no,Norway,47,Lycamobile Ltd
242,578,002,47,no,Norway,47,Netcom
242,578,022,559,no,Norway,47,Network Norway AS
242,578,005,95,no,Norway,47,Network Norway AS-2
242,578,006,6,no,Norway,47,ICE Nordisk Mobiltelefon AS
242,578,008,143,no,Norway,47,TDC Mobil A/S
242,578,004,79,no,Norway,47,Tele2
242,578,012,303,no,Norway,47,Telenor
242,578,001,31,no,Norway,47,Telenor2
242,578,003,63,no,Norway,47,Teletopia
242,578,007,127,no,Norway,47,Ventelo AS
422,1058,003,63,om,Oman,968,Nawras
422,1058,002,47,om,Oman,968,Oman Mobile/GTO
410,1040,008,143,pk,Pakistan,92,Instaphone
410,1040,001,31,pk,Pakistan,92,Mobilink
410,1040,006,111,pk,Pakistan,92,Telenor
410,1040,003,63,pk,Pakistan,92,UFONE/PAKTel
410,1040,007,127,pk,Pakistan,92,Warid Telecom
410,1040,004,79,pk,Pakistan,92,ZONG/CMPak
552,1362,080,2063,pw,Palau (Republic of),,Palau Mobile Corp. (PMC) (Palau
552,1362,001,31,pw,Palau (Republic of),,Palau National Communications Corp. (PNCC) (Palau
425,1061,005,95,ps,Palestinian Territory,970,Jawwal
425,1061,006,111,ps,Palestinian Territory,970,Wataniya Mobile
714,1812,001,31,pa,Panama,507,Cable & Wireless S.A.
714,1812,003,63,pa,Panama,507,Claro
714,1812,004,79,pa,Panama,507,Digicel
714,1812,020,32,pa,Panama,507,Movistar
714,1812,002,47,pa,Panama,507,Movistar2
537,1335,003,63,pg,Papua New Guinea,675,Digicel
537,1335,002,47,pg,Papua New Guinea,675,GreenCom PNG Ltd
537,1335,001,31,pg,Papua New Guinea,675,Pacific Mobile
744,1860,002,47,py,Paraguay,595,Claro/Hutchison
744,1860,003,63,py,Paraguay,595,Compa
744,1860,001,31,py,Paraguay,595,Hola/VOX
744,1860,005,5,py,Paraguay,595,TIM/Nucleo/Personal
744,1860,004,79,py,Paraguay,595,Tigo/Telecel
716,1814,020,527,pe,Peru,51,Claro /Amer.Mov./TIM
716,1814,010,271,pe,Peru,51,Claro /Amer.Mov./TIM-2
716,1814,002,47,pe,Peru,51,GlobalStar
716,1814,001,31,pe,Peru,51,GlobalStar2
716,1814,006,111,pe,Peru,51,Movistar
716,1814,007,127,pe,Peru,51,Nextel
515,1301,000,15,ph,Philippines,63,Fix Line
515,1301,001,31,ph,Philippines,63,Globe Telecom
515,1301,002,47,ph,Philippines,63,Globe Telecom2
515,1301,088,2191,ph,Philippines,63,Next Mobile
515,1301,018,399,ph,Philippines,63,RED Mobile/Cure
515,1301,003,63,ph,Philippines,63,Smart
515,1301,005,95,ph,Philippines,63,SUN/Digitel
260,608,017,383,pl,Poland,48,Aero2 SP.
260,608,018,399,pl,Poland,48,AMD Telecom.
260,608,038,911,pl,Poland,48,CallFreedom Sp. z o.o.
260,608,012,303,pl,Poland,48,Cyfrowy POLSAT S.A.
260,608,008,143,pl,Poland,48,e-Telko
260,608,009,159,pl,Poland,48,Lycamobile
260,608,016,367,pl,Poland,48,Mobyland
260,608,036,879,pl,Poland,48,Mundio Mobile Sp. z o.o.
260,608,007,127,pl,Poland,48,Play/P4
260,608,011,287,pl,Poland,48,NORDISK Polska
260,608,005,95,pl,Poland,48,Orange/IDEA/Centertel
260,608,003,63,pl,Poland,48,Orange/IDEA/Centertel2
260,608,035,863,pl,Poland,48,PKP Polskie Linie Kolejowe S.A.
260,608,098,2447,pl,Poland,48,Play/P4
260,608,006,111,pl,Poland,48,Play/P4-2
260,608,001,31,pl,Poland,48,Polkomtel/Plus
260,608,010,271,pl,Poland,48,Sferia
260,608,014,335,pl,Poland,48,Sferia2
260,608,013,319,pl,Poland,48,Sferia3
260,608,034,847,pl,Poland,48,T-Mobile/ERA
260,608,002,47,pl,Poland,48,T-Mobile/ERA-2
260,608,015,351,pl,Poland,48,Tele2
260,608,004,79,pl,Poland,48,Tele2
268,616,004,79,pt,Portugal,351,CTT - Correios de Portugal SA
268,616,003,63,pt,Portugal,351,Optimus
268,616,007,127,pt,Portugal,351,Optimus2
268,616,006,111,pt,Portugal,351,TMN
268,616,001,31,pt,Portugal,351,Vodafone
330,816,011,287,pr,Puerto Rico,,Puerto Rico Telephone Company Inc. (PRTC)
427,1063,001,31,qa,Qatar,974,Qtel
427,1063,002,47,qa,Qatar,974,Vodafone
647,1607,000,15,re,Reunion,262,Orange
647,1607,002,47,re,Reunion,262,Outremer Telecom
647,1607,010,271,re,Reunion,262,SFR
226,550,003,63,ro,Romania,40,Cosmote
226,550,011,287,ro,Romania,40,Enigma Systems
226,550,010,271,ro,Romania,40,Orange
226,550,005,95,ro,Romania,40,RCS&RDS Digi Mobile
226,550,002,47,ro,Romania,40,Romtelecom SA
226,550,006,111,ro,Romania,40,Telemobil/Zapp
226,550,001,31,ro,Romania,40,Vodafone
226,550,004,79,ro,Romania,40,Telemobil/Zapp-2
250,592,012,303,ru,Russian Federation,79,Baykal Westcom
250,592,028,655,ru,Russian Federation,79,Bee Line GSM
250,592,010,271,ru,Russian Federation,79,DTC/Don Telecom
250,592,020,527,ru,Russian Federation,79,JSC Rostov Cellular Communications
250,592,013,319,ru,Russian Federation,79,Kuban GSM
250,592,035,863,ru,Russian Federation,79,LLC Ekaterinburg-2000
250,592,020,527,ru,Russian Federation,79,LLC Personal Communication Systems in the Region
250,592,002,47,ru,Russian Federation,79,Megafon
250,592,001,31,ru,Russian Federation,79,MTS
250,592,003,63,ru,Russian Federation,79,NCC
250,592,016,367,ru,Russian Federation,79,NTC
250,592,019,415,ru,Russian Federation,79,OJSC Altaysvyaz
250,592,099,2463,ru,Russian Federation,79,OJSC Vimpel-Communications (VimpelCom)
250,592,011,287,ru,Russian Federation,79,Orensot
250,592,092,2351,ru,Russian Federation,79,Printelefone
250,592,004,79,ru,Russian Federation,79,Sibchallenge
250,592,044,1103,ru,Russian Federation,79,StavTelesot
250,592,020,527,ru,Russian Federation,79,Tele2/ECC/Volgogr.
250,592,093,2367,ru,Russian Federation,79,Telecom XXL
250,592,039,927,ru,Russian Federation,79,U-Tel/Ermak RMS
250,592,017,383,ru,Russian Federation,79,U-Tel/Ermak RMS-2
250,592,039,927,ru,Russian Federation,79,UralTel
250,592,017,383,ru,Russian Federation,79,UralTel2
250,592,005,95,ru,Russian Federation,79,Yenisey Telecom
250,592,015,351,ru,Russian Federation,79,ZAO SMARTS
250,592,007,127,ru,Russian Federation,79,ZAO SMARTS-2
635,1589,014,335,rw,Rwanda,250,Airtel Rwanda Ltd
635,1589,010,271,rw,Rwanda,250,MTN/Rwandacell
635,1589,013,319,rw,Rwanda,250,TIGO
356,854,110,272,kn,Saint Kitts and Nevis,1869,Cable & Wireless
356,854,050,1295,kn,Saint Kitts and Nevis,1869,Digicel
356,854,070,1807,kn,Saint Kitts and Nevis,1869,UTS Cariglobe
358,856,110,272,lc,Saint Lucia,1758,Cable & Wireless
358,856,030,783,lc,Saint Lucia,1758,Cingular Wireless
358,856,050,1295,lc,Saint Lucia,1758,Digicel (St Lucia) Limited
549,1353,027,639,ws,Samoa,685,Samoatel Mobile
549,1353,001,31,ws,Samoa,685,Telecom Samoa Cellular Ltd.
292,658,001,31,sm,San Marino,378,Prima Telecom
626,1574,001,31,st,Sao Tome & Principe,239,CSTmovel
901,2305,014,335,n/a,Satellite Networks,870,AeroMobile
901,2305,011,287,n/a,Satellite Networks,870,InMarSAT
901,2305,012,303,n/a,Satellite Networks,870,Maritime Communications Partner AS
901,2305,005,95,n/a,Satellite Networks,870,Thuraya Satellite
420,1056,007,7,sa,Saudi Arabia,966,Zain
420,1056,003,63,sa,Saudi Arabia,966,Etihad/Etisalat/Mobily
420,1056,001,31,sa,Saudi Arabia,966,STC/Al Jawal
420,1056,004,79,sa,Saudi Arabia,966,Zain
608,1544,003,63,sn,Senegal,221,Expresso/Sudatel
608,1544,001,31,sn,Senegal,221,Orange/Sonatel
608,1544,002,47,sn,Senegal,221,Sentel GSM
220,544,003,63,rs,Serbia,381,MTS/Telekom Srbija
220,544,002,47,rs,Serbia,381,Telenor/Mobtel
220,544,001,1,rs,Serbia,381,Telenor/Mobtel2
220,544,005,95,rs,Serbia,381,VIP Mobile
633,1587,010,271,sc,Seychelles,248,Airtel
633,1587,001,31,sc,Seychelles,248,C&W
633,1587,002,47,sc,Seychelles,248,Smartcom
619,1561,003,3,sl,Sierra Leone,232,Africel
619,1561,005,5,sl,Sierra Leone,232,Africel2
619,1561,001,1,sl,Sierra Leone,232,Zain/Celtel
619,1561,004,4,sl,Sierra Leone,232,Comium
619,1561,002,2,sl,Sierra Leone,232,Tigo/Millicom
619,1561,025,607,sl,Sierra Leone,232,Mobitel
525,1317,012,303,sg,Singapore,65,GRID Communications Pte Ltd
525,1317,003,63,sg,Singapore,65,MobileOne Ltd
525,1317,001,31,sg,Singapore,65,Singtel
525,1317,007,127,sg,Singapore,65,Singtel2
525,1317,002,47,sg,Singapore,65,Singtel3
525,1317,006,111,sg,Singapore,65,Starhub
525,1317,005,95,sg,Singapore,65,Starhub2
362,866,051,1311,sx,Sint Maarten (Dutch part),,TelCell NV (Sint Maarten
362,866,091,2335,sx,Sint Maarten (Dutch part),,UTS St. Maarten (Sint Maarten
231,561,006,111,sk,Slovakia,421,O2
231,561,001,31,sk,Slovakia,421,Orange
231,561,005,95,sk,Slovakia,421,Orange2
231,561,015,351,sk,Slovakia,421,Orange
231,561,002,47,sk,Slovakia,421,T-Mobile
231,561,004,79,sk,Slovakia,421,T-Mobile3
231,561,099,2463,sk,Slovakia,421,Zeleznice Slovenskej republiky (ZSR)
293,659,041,1055,si,Slovenia,386,Dukagjini Telecommunications Sh.P.K.
293,659,041,1055,si,Slovenia,386,Ipko Telecommunications d. o. o.
293,659,041,1055,si,Slovenia,386,Mobitel
293,659,040,1039,si,Slovenia,386,SI.Mobil
293,659,010,271,si,Slovenia,386,Slovenske zeleznice d.o.o.
293,659,064,1615,si,Slovenia,386,T-2 d.o.o.
293,659,070,1807,si,Slovenia,386,TusMobil/VEGA
540,1344,002,47,sb,Solomon Islands,677,bemobile
540,1344,010,271,sb,Solomon Islands,677,BREEZE
540,1344,001,31,sb,Solomon Islands,677,BREEZE2
637,1591,030,783,so,Somalia,252,Golis
637,1591,019,415,so,Somalia,252,HorTel
637,1591,060,1551,so,Somalia,252,Nationlink
637,1591,010,271,so,Somalia,252,Nationlink2
637,1591,004,4,so,Somalia,252,Somafone
637,1591,082,2095,so,Somalia,252,Telcom Mobile Somalia
637,1591,001,31,so,Somalia,252,Telesom
655,1621,002,47,za,South Africa,27,8.ta
655,1621,021,543,za,South Africa,27,Cape Town Metropolitan
655,1621,007,127,za,South Africa,27,Cell C
655,1621,012,303,za,South Africa,27,MTN
655,1621,010,271,za,South Africa,27,MTN2
655,1621,006,111,za,South Africa,27,Sentech
655,1621,001,31,za,South Africa,27,Vodacom
655,1621,019,415,za,South Africa,27,Wireless Business Solutions (Pty) Ltd
659,1625,003,63,ss,South Sudan (Republic of),,Gemtel Ltd (South Sudan
659,1625,002,47,ss,South Sudan (Republic of),,MTN South Sudan (South Sudan
659,1625,004,79,ss,South Sudan (Republic of),,Network of The World Ltd (NOW) (South Sudan
659,1625,006,111,ss,South Sudan (Republic of),,Zain South Sudan (South Sudan
214,532,023,575,es,Spain,34,Lycamobile SL
214,532,022,559,es,Spain,34,Movistar2
214,532,015,351,es,Spain,34,BT Espana Compania de Servicios Globales de Telecomunicaciones SAU
214,532,018,399,es,Spain,34,Cableuropa SAU (ONO)
214,532,008,143,es,Spain,34,Euskaltel SA
214,532,020,527,es,Spain,34,fonYou Wireless SL
214,532,021,543,es,Spain,34,Jazz Telecom SAU
214,532,026,623,es,Spain,34,Lleida
214,532,025,607,es,Spain,34,Lycamobile SL
214,532,007,127,es,Spain,34,Movistar
214,532,005,95,es,Spain,34,Movistar (resellers)
214,532,009,159,es,Spain,34,Orange (resellers)
214,532,003,63,es,Spain,34,Orange
214,532,011,287,es,Spain,34,Orange2
214,532,017,383,es,Spain,34,R Cable y Telecomunicaciones Galicia SA
214,532,019,415,es,Spain,34,Simyo/KPN
214,532,016,367,es,Spain,34,Telecable de Asturias SA
214,532,027,639,es,Spain,34,Truphone
214,532,001,31,es,Spain,34,Vodafone
214,532,006,111,es,Spain,34,Vodafone Enabler Espana SL
214,532,004,79,es,Spain,34,Yoigo
413,1043,005,95,lk,Sri Lanka,94,Bharti Airtel
413,1043,003,63,lk,Sri Lanka,94,Etisalat/Tigo
413,1043,008,143,lk,Sri Lanka,94,H3G Hutchison
413,1043,001,31,lk,Sri Lanka,94,Mobitel Ltd.
413,1043,002,47,lk,Sri Lanka,94,MTN/Dialog
308,776,001,31,pm,St. Pierre & Miquelon,508,Ameris
360,864,110,272,vc,St. Vincent & Gren.,1784,C & W
360,864,010,271,vc,St. Vincent & Gren.,1784,Cingular
360,864,100,256,vc,St. Vincent & Gren.,1784,Cingular-2
360,864,050,80,vc,St. Vincent & Gren.,1784,Digicel
360,864,070,1807,vc,St. Vincent & Gren.,1784,Digicel
634,1588,000,15,sd,Sudan,249,Canar Telecom
634,1588,022,559,sd,Sudan,249,MTN
634,1588,002,47,sd,Sudan,249,MTN
634,1588,015,351,sd,Sudan,249,Sudani One
634,1588,007,127,sd,Sudan,249,Sudani One-2
634,1588,005,95,sd,Sudan,249,Vivacell
634,1588,008,143,sd,Sudan,249,Vivacell
634,1588,001,31,sd,Sudan,249,ZAIN/Mobitel
634,1588,006,111,sd,Sudan,249,ZAIN/Mobitel-2
746,1862,003,63,sr,Suriname,597,Digicel
746,1862,002,47,sr,Suriname,597,Telecommunicatiebedrijf Suriname (TELESUR)
746,1862,001,1,sr,Suriname,597,Telesur
746,1862,004,79,sr,Suriname,597,UNIQA
653,1619,010,271,sz,Swaziland,268,Swazi MTN
653,1619,001,31,sz,Swaziland,268,SwaziTelecom
240,576,035,863,se,Sweden,46,42 Telecom AB
240,576,016,367,se,Sweden,46,42 Telecom AB-2
240,576,026,623,se,Sweden,46,Beepsend
240,576,000,15,se,Sweden,46,Compatel
240,576,028,655,se,Sweden,46,CoolTEL Aps
240,576,025,607,se,Sweden,46,Digitel Mobile Srl
240,576,022,559,se,Sweden,46,Eu Tel AB
240,576,027,639,se,Sweden,46,Fogg Mobile AB
240,576,018,399,se,Sweden,46,Generic Mobile Systems Sweden AB
240,576,017,383,se,Sweden,46,Gotalandsnatet AB
240,576,002,47,se,Sweden,46,H3G Access AB
240,576,004,79,se,Sweden,46,H3G Access AB-2
240,576,036,879,se,Sweden,46,ID Mobile
240,576,023,575,se,Sweden,46,Infobip Ltd.
240,576,011,287,se,Sweden,46,Lindholmen Science Park AB
240,576,012,303,se,Sweden,46,Lycamobile Ltd
240,576,029,671,se,Sweden,46,Mercury International Carrier Services
240,576,003,63,se,Sweden,46,Orange
240,576,010,271,se,Sweden,46,Spring Mobil AB
240,576,014,335,se,Sweden,46,TDC Sverige AB
240,576,007,127,se,Sweden,46,Tele2 Sverige AB
240,576,005,95,se,Sweden,46,Tele2 Sverige AB
240,576,024,591,se,Sweden,46,Tele2 Sverige AB-2
240,576,024,591,se,Sweden,46,Telenor (Vodafone)
240,576,008,143,se,Sweden,46,Telenor (Vodafone)-2
240,576,004,79,se,Sweden,46,Telenor (Vodafone)-3
240,576,006,111,se,Sweden,46,Telenor (Vodafone)-4
240,576,009,159,se,Sweden,46,Telenor Mobile Sverige AS
240,576,005,95,se,Sweden,46,Telia Mobile
240,576,001,31,se,Sweden,46,Telia Mobile-2
240,576,000,15,se,Sweden,46,EUTel
240,576,008,143,se,Sweden,46,Timepiece Servicos De Consultoria LDA (Universal Telecom)
240,576,013,319,se,Sweden,46,Ventelo Sverige AB
240,576,020,527,se,Sweden,46,Wireless Maingate AB
240,576,015,351,se,Sweden,46,Wireless Maingate Nordic AB
228,552,051,1311,ch,Switzerland,41,BebbiCell AG
228,552,009,159,ch,Switzerland,41,Comfone AG
228,552,005,95,ch,Switzerland,41,Comfone AG
228,552,007,127,ch,Switzerland,41,TDC Sunrise
228,552,054,1359,ch,Switzerland,41,Lycamobile AG
228,552,052,1327,ch,Switzerland,41,Mundio Mobile AG
228,552,003,63,ch,Switzerland,41,Orange
228,552,001,31,ch,Switzerland,41,Swisscom
228,552,012,303,ch,Switzerland,41,TDC Sunrise2
228,552,002,47,ch,Switzerland,41,TDC Sunrise3
228,552,008,143,ch,Switzerland,41,TDC Sunrise4
228,552,053,1343,ch,Switzerland,41,upc cablecom GmbH
417,1047,002,47,sy,Syrian Arab Republic,963,MTN/Spacetel
417,1047,009,159,sy,Syrian Arab Republic,963,Syriatel Holdings
417,1047,001,31,sy,Syrian Arab Republic,963,Syriatel Holdings2
466,1126,068,1679,tw,Taiwan,886,ACeS Taiwan - ACeS Taiwan Telecommunications Co Ltd
466,1126,005,95,tw,Taiwan,886,Asia Pacific Telecom Co. Ltd (APT)
466,1126,011,287,tw,Taiwan,886,Chunghwa Telecom LDM
466,1126,092,2351,tw,Taiwan,886,Chunghwa Telecom LDM-2
466,1126,002,47,tw,Taiwan,886,Far EasTone
466,1126,001,31,tw,Taiwan,886,Far EasTone2
466,1126,007,127,tw,Taiwan,886,Far EasTone3
466,1126,006,111,tw,Taiwan,886,Far EasTone4
466,1126,003,63,tw,Taiwan,886,Far EasTone6
466,1126,010,271,tw,Taiwan,886,Global Mobile Corp.
466,1126,056,1391,tw,Taiwan,886,International Telecom Co. Ltd (FITEL)
466,1126,088,2191,tw,Taiwan,886,KG Telecom
466,1126,099,2463,tw,Taiwan,886,TransAsia
466,1126,097,2431,tw,Taiwan,886,Taiwan Cellular
466,1126,093,2367,tw,Taiwan,886,Mobitai
466,1126,089,2207,tw,Taiwan,886,VIBO
466,1126,009,159,tw,Taiwan,886,VMAX Telecom Co. Ltd
436,1078,004,79,tj,Tajikistan,992,Babilon-M
436,1078,005,95,tj,Tajikistan,992,Bee Line
436,1078,002,47,tj,Tajikistan,992,CJSC Indigo Tajikistan
436,1078,012,303,tj,Tajikistan,992,Tcell/JC Somoncom
436,1078,003,63,tj,Tajikistan,992,MLT/TT mobile
436,1078,001,31,tj,Tajikistan,992,Tcell/JC Somoncom
640,1600,008,143,tz,Tanzania,255,Benson Informatics Ltd
640,1600,006,111,tz,Tanzania,255,Dovetel (T) Ltd
640,1600,009,159,tz,Tanzania,255,ExcellentCom (T) Ltd
640,1600,011,287,tz,Tanzania,255,Smile Communications Tanzania Ltd
640,1600,007,127,tz,Tanzania,255,Tanzania Telecommunications Company Ltd (TTCL)
640,1600,002,47,tz,Tanzania,255,TIGO/MIC
640,1600,001,1,tz,Tanzania,255,Tri Telecomm. Ltd.
640,1600,004,79,tz,Tanzania,255,Vodacom Ltd
640,1600,005,95,tz,Tanzania,255,ZAIN/Celtel
640,1600,003,63,tz,Tanzania,255,Zantel/Zanzibar Telecom
520,1312,020,527,th,Thailand,66,ACeS Thailand - ACeS Regional Services Co Ltd
520,1312,015,351,th,Thailand,66,ACT Mobile
520,1312,003,63,th,Thailand,66,Advanced Wireless Networks/AWN
520,1312,001,31,th,Thailand,66,AIS/Advanced Info Service
520,1312,023,575,th,Thailand,66,Digital Phone Co.
520,1312,000,15,th,Thailand,66,Hutch/CAT CDMA
520,1312,018,399,th,Thailand,66,Total Access (DTAC)
520,1312,005,95,th,Thailand,66,Total Access (DTAC)
520,1312,004,79,th,Thailand,66,True Move/Orange
520,1312,099,2463,th,Thailand,66,True Move/Orange
514,1300,001,31,tl,Timor-Leste,670,Telin/ Telkomcel
514,1300,002,47,tl,Timor-Leste,670,Timor Telecom
615,1557,002,2,tg,Togo,228,Telecel/MOOV
615,1557,003,63,tg,Togo,228,Telecel/MOOV-2
615,1557,001,31,tg,Togo,228,Togo Telecom/TogoCELL
539,1337,043,1087,to,Tonga,676,Shoreline Communication
539,1337,001,1,to,Tonga,676,Tonga Communications
374,884,129,297,tt,Trinidad and Tobago,1868,Bmobile/TSTT
374,884,130,304,tt,Trinidad and Tobago,1868,Digicel
374,884,140,320,tt,Trinidad and Tobago,1868,LaqTel Ltd.
605,1541,001,31,tn,Tunisia,216,Orange
605,1541,003,63,tn,Tunisia,216,Orascom Telecom
605,1541,002,47,tn,Tunisia,216,Tunisie Telecom
286,646,004,79,tr,Turkey,90,AVEA/Aria
286,646,003,63,tr,Turkey,90,AVEA/Aria-2
286,646,001,31,tr,Turkey,90,Turkcell
286,646,002,47,tr,Turkey,90,Vodafone-Telsim
438,1080,001,31,tm,Turkmenistan,993,Barash Communication
438,1080,002,47,tm,Turkmenistan,993,TM-Cell
376,886,350,848,tc,Turks and Caicos Islands,,Cable & Wireless (TCI) Ltd
376,886,050,80,tc,Turks and Caicos Islands,,Digicel TCI Ltd
376,886,352,850,tc,Turks and Caicos Islands,,IslandCom Communications Ltd.
553,1363,001,31,tv,Tuvalu,,Tuvalu Telecommunication Corporation (TTC)
641,1601,001,31,ug,Uganda,256,Celtel
641,1601,066,1647,ug,Uganda,256,i-Tel Ltd
641,1601,030,783,ug,Uganda,256,K2 Telecom Ltd
641,1601,010,271,ug,Uganda,256,MTN Ltd.
641,1601,014,335,ug,Uganda,256,Orange
641,1601,033,831,ug,Uganda,256,Smile Communications Uganda Ltd
641,1601,018,399,ug,Uganda,256,Suretelecom Uganda Ltd
641,1601,011,287,ug,Uganda,256,Uganda Telecom Ltd.
641,1601,022,559,ug,Uganda,256,Airtel/Warid
255,597,006,111,ua,Ukraine,380,Astelit/LIFE
255,597,005,95,ua,Ukraine,380,Golden Telecom
255,597,039,927,ua,Ukraine,380,Golden Telecom
255,597,004,79,ua,Ukraine,380,Intertelecom Ltd (IT)
255,597,067,1663,ua,Ukraine,380,KyivStar
255,597,003,63,ua,Ukraine,380,KyivStar2
255,597,021,543,ua,Ukraine,380,Telesystems Of Ukraine CJSC (TSU)
255,597,007,127,ua,Ukraine,380,TriMob LLC
255,597,050,1295,ua,Ukraine,380,UMC/MTS
255,597,002,47,ua,Ukraine,380,Beeline
255,597,001,31,ua,Ukraine,380,UMC/MTS
255,597,068,1679,ua,Ukraine,380,Beeline
424,1060,003,63,ae,United Arab Emirates,971,DU
431,1073,002,47,ae,United Arab Emirates,971,Etisalat
430,1072,002,47,ae,United Arab Emirates,971,Etisalat-2
424,1060,002,47,ae,United Arab Emirates,971,Etisalat-3
234,564,003,63,gb,United Kingdom,44,Airtel/Vodafone
234,564,076,1903,gb,United Kingdom,44,BT Group
234,564,077,1919,gb,United Kingdom,44,BT Group2
234,564,007,127,gb,United Kingdom,44,Cable and Wireless
234,564,092,2351,gb,United Kingdom,44,Cable and Wireless-2
234,564,036,879,gb,United Kingdom,44,Calbe and Wireless Isle of Man
234,564,018,399,gb,United Kingdom,44,Cloud9/wire9 Tel.
235,565,002,47,gb,United Kingdom,44,Everyth. Ev.wh.
234,564,017,383,gb,United Kingdom,44,FlexTel
234,564,055,1375,gb,United Kingdom,44,Guernsey Telecoms
234,564,014,335,gb,United Kingdom,44,HaySystems
234,564,094,2383,gb,United Kingdom,44,Hutchinson 3G
234,564,020,527,gb,United Kingdom,44,Hutchinson 3G-2
234,564,075,1887,gb,United Kingdom,44,Inquam Telecom Ltd
234,564,050,1295,gb,United Kingdom,44,Jersey Telecom
234,564,035,863,gb,United Kingdom,44,JSC Ingenicum
234,564,026,623,gb,United Kingdom,44,Lycamobile
234,564,058,1423,gb,United Kingdom,44,Manx Telecom
234,564,001,31,gb,United Kingdom,44,Mapesbury C. Ltd
234,564,028,655,gb,United Kingdom,44,Marthon Telecom
234,564,010,271,gb,United Kingdom,44,O2 Ltd.
234,564,002,47,gb,United Kingdom,44,O2 Ltd.
234,564,011,287,gb,United Kingdom,44,O2 Ltd.
234,564,008,143,gb,United Kingdom,44,OnePhone
234,564,016,367,gb,United Kingdom,44,Opal Telecom
234,564,034,847,gb,United Kingdom,44,Everyth. Ev.wh./Orange
234,564,033,831,gb,United Kingdom,44,Everyth. Ev.wh./Orange-2
234,564,019,415,gb,United Kingdom,44,PMN/Teleware
234,564,012,303,gb,United Kingdom,44,Railtrack Plc
234,564,022,559,gb,United Kingdom,44,Routotelecom
234,564,024,591,gb,United Kingdom,44,Stour Marine
234,564,037,895,gb,United Kingdom,44,Synectiv Ltd.
234,564,031,799,gb,United Kingdom,44,Everyth. Ev.wh./T-Mobile
234,564,030,783,gb,United Kingdom,44,Everyth. Ev.wh./T-Mobile-2
234,564,032,815,gb,United Kingdom,44,Everyth. Ev.wh./T-Mobile-3
234,564,027,639,gb,United Kingdom,44,Vodafone
234,564,009,159,gb,United Kingdom,44,Tismi
234,564,025,607,gb,United Kingdom,44,Truphone
234,564,051,1311,gb,United Kingdom,44,Jersey Telecom
234,564,023,575,gb,United Kingdom,44,Vectofone Mobile Wifi
234,564,015,351,gb,United Kingdom,44,Vodafone
234,564,091,2335,gb,United Kingdom,44,Vodafone
234,564,078,1935,gb,United Kingdom,44,Wave Telecom Ltd
310,784,050,80,us,United States,1,
310,784,880,2176,us,United States,1,
310,784,850,2128,us,United States,1,Aeris Comm. Inc.
310,784,640,1600,us,United States,1,
310,784,510,1296,us,United States,1,Airtel Wireless LLC
310,784,190,400,us,United States,1,Unknown
312,786,090,144,us,United States,1,Allied Wireless Communications Corporation
311,785,130,304,us,United States,1,
311,785,030,48,us,United States,1,Americell PA3 LP
310,784,710,1808,us,United States,1,Arctic Slope Telephone Association Cooperative Inc.
310,784,380,896,us,United States,1,AT&T Wireless Inc.
310,784,170,368,us,United States,1,AT&T Wireless Inc.2
310,784,150,336,us,United States,1,AT&T Wireless Inc.3
310,784,680,1664,us,United States,1,AT&T Wireless Inc.4
310,784,070,112,us,United States,1,AT&T Wireless Inc.5
310,784,560,1376,us,United States,1,AT&T Wireless Inc.6
310,784,410,1040,us,United States,1,AT&T Wireless Inc.7
310,784,980,2432,us,United States,1,AT&T Wireless Inc.8
311,785,440,1088,us,United States,1,Bluegrass Wireless LLC
311,785,810,2064,us,United States,1,Bluegrass Wireless LLC-2
311,785,800,2048,us,United States,1,Bluegrass Wireless LLC-3
310,784,900,2304,us,United States,1,Cable & Communications Corp.
311,785,590,1424,us,United States,1,California RSA No. 3 Limited Partnership
311,785,500,1280,us,United States,1,Cambridge Telephone Company Inc.
310,784,830,2096,us,United States,1,Caprock Cellular Ltd.
311,785,272,626,us,United States,1,Verizon Wireless
311,785,288,648,us,United States,1,Verizon Wireless2
311,785,277,631,us,United States,1,Verizon Wireless3
311,785,482,1154,us,United States,1,Verizon Wireless4
310,784,590,1424,us,United States,1,Verizon Wireless5
311,785,282,642,us,United States,1,Verizon Wireless6
311,785,487,1159,us,United States,1,Verizon Wireless7
311,785,271,625,us,United States,1,Verizon Wireless8
311,785,287,647,us,United States,1,Verizon Wireless9
311,785,276,630,us,United States,1,Verizon Wireless10
311,785,481,1153,us,United States,1,Verizon Wireless11
310,784,013,19,us,United States,1,Verizon Wireless12
311,785,281,641,us,United States,1,Verizon Wireless13
311,785,486,1158,us,United States,1,Verizon Wireless14
311,785,270,624,us,United States,1,Verizon Wireless15
311,785,286,646,us,United States,1,Verizon Wireless16
311,785,275,629,us,United States,1,Verizon Wireless17
311,785,480,1152,us,United States,1,Verizon Wireless18
310,784,012,18,us,United States,1,Verizon Wireless19
311,785,280,640,us,United States,1,Verizon Wireless20
311,785,485,1157,us,United States,1,Verizon Wireless21
311,785,110,272,us,United States,1,Verizon Wireless22
311,785,285,645,us,United States,1,Verizon Wireless23
311,785,274,628,us,United States,1,Verizon Wireless24
311,785,390,912,us,United States,1,Verizon Wireless25
310,784,010,16,us,United States,1,Verizon Wireless26
311,785,279,633,us,United States,1,Verizon Wireless27
311,785,484,1156,us,United States,1,Verizon Wireless28
310,784,910,2320,us,United States,1,Verizon Wireless29
311,785,284,644,us,United States,1,Verizon Wireless30
311,785,489,1161,us,United States,1,Verizon Wireless31
311,785,273,627,us,United States,1,Verizon Wireless32
311,785,289,649,us,United States,1,Verizon Wireless33
310,784,004,4,us,United States,1,Verizon Wireless34
311,785,278,632,us,United States,1,Verizon Wireless35
311,785,483,1155,us,United States,1,Verizon Wireless36
310,784,890,2192,us,United States,1,Verizon Wireless37
311,785,283,643,us,United States,1,Verizon Wireless38
311,785,488,1160,us,United States,1,Verizon Wireless39
312,786,280,640,us,United States,1,Cellular Network Partnership LLC
312,786,270,624,us,United States,1,Cellular Network Partnership LLC-2
310,784,360,864,us,United States,1,Cellular Network Partnership LLC-3
311,785,190,400,us,United States,1,
310,784,230,560,us,United States,1,Cellular South Licenses Inc.
310,784,030,48,us,United States,1,
311,785,120,288,us,United States,1,Choice Phone LLC
310,784,480,1152,us,United States,1,Choice Phone LLC-2
310,784,630,1584,us,United States,1,
310,784,420,1056,us,United States,1,Cincinnati Bell Wireless LLC
310,784,180,384,us,United States,1,Cingular Wireless
310,784,620,1568,us,United States,1,Coleman County Telco /Trans TX
311,785,040,64,us,United States,1,
310,784,006,6,us,United States,1,Consolidated Telcom
310,784,060,1551,us,United States,1,Consolidated Telcom
312,786,380,896,us,United States,1,
310,784,930,2352,us,United States,1,
311,785,240,576,us,United States,1,
310,784,008,8,us,United States,1,Unknown
310,784,080,128,us,United States,1,
310,784,700,1792,us,United States,1,Cross Valliant Cellular Partnership
311,785,140,320,us,United States,1,Cross Wireless Telephone Co.
312,786,030,48,us,United States,1,Cross Wireless Telephone Co.2
311,785,520,1312,us,United States,1,
311,785,810,2064,us,United States,1,Cumberland Cellular Partnership
311,785,800,2048,us,United States,1,Cumberland Cellular Partnership2
311,785,440,1088,us,United States,1,Cumberland Cellular Partnership3
312,786,040,64,us,United States,1,Custer Telephone Cooperative Inc.
310,784,016,22,us,United States,1,Denali Spectrum License LLC
310,784,440,1088,us,United States,1,Dobson Cellular Systems
310,784,990,2448,us,United States,1,E.N.M.R. Telephone Coop.
312,786,130,304,us,United States,1,East Kentucky Network LLC
312,786,120,288,us,United States,1,East Kentucky Network LLC-2
310,784,750,1872,us,United States,1,East Kentucky Network LLC-3
310,784,009,9,us,United States,1,Edge Wireless LLC
310,784,090,144,us,United States,1,Edge Wireless LLC
310,784,610,1552,us,United States,1,Elkhart TelCo. / Epic Touch Co.
311,785,210,528,us,United States,1,
311,785,311,785,us,United States,1,Farmers
311,785,460,1120,us,United States,1,Fisher Wireless Services Inc.
311,785,370,880,us,United States,1,GCI Communication Corp.
310,784,430,1072,us,United States,1,GCI Communication Corp.-2
310,784,920,2336,us,United States,1,Get Mobile Inc.
310,784,970,2416,us,United States,1,
310,784,007,127,us,United States,1,Unknown
311,785,250,592,us,United States,1,i CAN_GSM
311,785,340,832,us,United States,1,Illinois Valley Cellular RSA 2 Partnership
311,785,030,48,us,United States,1,
312,786,170,368,us,United States,1,Iowa RSA No. 2 Limited Partnership
311,785,410,1040,us,United States,1,Iowa RSA No. 2 Limited Partnership2
310,784,770,1904,us,United States,1,Iowa Wireless Services LLC
310,784,650,1616,us,United States,1,Jasper
310,784,870,2160,us,United States,1,Kaplan Telephone Company Inc.
311,785,810,2064,us,United States,1,Kentucky RSA #3 Cellular General Partnership
311,785,800,2048,us,United States,1,Kentucky RSA #3 Cellular General Partnership2
311,785,440,1088,us,United States,1,Kentucky RSA #3 Cellular General Partnership3
311,785,440,1088,us,United States,1,Kentucky RSA #4 Cellular General Partnership4
311,785,810,2064,us,United States,1,Kentucky RSA #4 Cellular General Partnership5
311,785,800,2048,us,United States,1,Kentucky RSA #4 Cellular General Partnership6
312,786,180,384,us,United States,1,Keystone Wireless LLC
310,784,690,1680,us,United States,1,Keystone Wireless LLC-2
311,785,310,784,us,United States,1,Lamar County Cellular
310,784,016,22,us,United States,1,LCW Wireless Operations LLC
310,784,016,22,us,United States,1,Leap Wireless International Inc.
311,785,090,144,us,United States,1,
310,784,040,64,us,United States,1,Matanuska Tel. Assn. Inc.
310,784,780,1920,us,United States,1,Message Express Co. / Airlink PCS
311,785,660,1632,us,United States,1,
311,785,330,816,us,United States,1,Michigan Wireless LLC
311,785,000,0,us,United States,1,
311,785,390,912,us,United States,1,
310,784,400,1024,us,United States,1,Minnesota South. Wirel. Co. / Hickory
312,786,010,16,us,United States,1,Missouri RSA No 5 Partnership
311,785,920,2336,us,United States,1,Missouri RSA No 5 Partnership2
311,785,020,32,us,United States,1,Missouri RSA No 5 Partnership3
311,785,010,16,us,United States,1,Missouri RSA No 5 Partnership4
312,786,220,544,us,United States,1,Missouri RSA No 5 Partnership5
310,784,350,848,us,United States,1,Mohave Cellular LP
310,784,570,1392,us,United States,1,MTPCS LLC
310,784,290,656,us,United States,1,NEP Cellcorp Inc.
310,784,034,847,us,United States,1,Nevada Wireless LLC
311,785,380,896,us,United States,1,
310,784,600,1536,us,United States,1,New-Cell Inc.
311,785,100,256,us,United States,1,
311,785,300,768,us,United States,1,Nexus Communications Inc.
310,784,130,304,us,United States,1,North Carolina RSA 3 Cellular Tel. Co.
312,786,230,560,us,United States,1,North Dakota Network Company
311,785,610,1552,us,United States,1,North Dakota Network Company2
310,784,450,1104,us,United States,1,Northeast Colorado Cellular Inc.
311,785,710,1808,us,United States,1,Northeast Wireless Networks LLC
310,784,670,1648,us,United States,1,Northstar
310,784,011,17,us,United States,1,Northstar
311,785,420,1056,us,United States,1,Northwest Missouri Cellular Limited Partnership
310,784,540,1344,us,United States,1,
310,784,740,1856,us,United States,1,
310,784,760,1888,us,United States,1,Panhandle Telephone Cooperative Inc.
310,784,580,1408,us,United States,1,PCS ONE
311,785,170,368,us,United States,1,PetroCom
311,785,670,1648,us,United States,1,Pine Belt Cellular Inc.
311,785,080,128,us,United States,1,
310,784,790,1936,us,United States,1,
310,784,100,256,us,United States,1,Plateau Telecommunications Inc.
310,784,940,2368,us,United States,1,Poka Lambro Telco Ltd.
311,785,540,1344,us,United States,1,
311,785,730,1840,us,United States,1,
310,784,500,1280,us,United States,1,Public Service Cellular Inc.
312,786,160,352,us,United States,1,RSA 1 Limited Partnership
311,785,430,1072,us,United States,1,RSA 1 Limited Partnership
311,785,350,848,us,United States,1,Sagebrush Cellular Inc.
311,785,030,48,us,United States,1,Sagir Inc.
311,785,910,2320,us,United States,1,
310,784,046,1135,us,United States,1,SIMMETRY
311,785,260,608,us,United States,1,SLO Cellular Inc / Cellular One of San Luis
310,784,320,800,us,United States,1,Smith Bagley Inc.
310,784,015,351,us,United States,1,Unknown
316,790,011,17,us,United States,1,Southern Communications Services Inc.
310,784,002,2,us,United States,1,Sprint Spectrum
312,786,190,400,us,United States,1,Sprint Spectrum
311,785,880,2176,us,United States,1,Sprint Spectrum2
311,785,870,2160,us,United States,1,Sprint Spectrum3
311,785,490,1168,us,United States,1,Sprint Spectrum4
310,784,120,288,us,United States,1,Sprint Spectrum5
316,790,010,16,us,United States,1,Sprint Spectrum6
310,784,031,799,us,United States,1,T-Mobile
310,784,220,544,us,United States,1,T-Mobile2
310,784,270,624,us,United States,1,T-Mobile3
310,784,210,528,us,United States,1,T-Mobile4
310,784,260,608,us,United States,1,T-Mobile5
310,784,200,512,us,United States,1,T-Mobile6
310,784,250,592,us,United States,1,T-Mobile7
310,784,160,352,us,United States,1,T-Mobile8
310,784,240,576,us,United States,1,T-Mobile9
310,784,660,1632,us,United States,1,T-Mobile10
310,784,230,560,us,United States,1,T-Mobile11
310,784,300,768,us,United States,1,T-Mobile12
310,784,280,640,us,United States,1,T-Mobile13
310,784,330,816,us,United States,1,T-Mobile14
310,784,800,2048,us,United States,1,T-Mobile15
310,784,310,784,us,United States,1,T-Mobile16
311,785,740,1856,us,United States,1,
310,784,740,1856,us,United States,1,Telemetrix Inc.
310,784,014,335,us,United States,1,Testing
310,784,950,2384,us,United States,1,Unknown
310,784,860,2144,us,United States,1,Texas RSA 15B2 Limited Partnership
311,785,830,2096,us,United States,1,Thumb Cellular Limited Partnership
311,785,050,80,us,United States,1,Thumb Cellular Limited Partnership2
310,784,460,1120,us,United States,1,TMP Corporation
310,784,490,1168,us,United States,1,Triton PCS
312,786,290,656,us,United States,1,Uintah Basin Electronics Telecommunications Inc.
311,785,860,2144,us,United States,1,Uintah Basin Electronics Telecommunications Inc.2
310,784,960,2400,us,United States,1,Uintah Basin Electronics Telecommunications Inc.3
310,784,020,32,us,United States,1,Union Telephone Co.
311,785,220,544,us,United States,1,United States Cellular Corp.
310,784,730,1840,us,United States,1,United States Cellular Corp.2
311,785,650,1616,us,United States,1,United Wireless Communications Inc.
310,784,038,911,us,United States,1,USA 3650 AT&T
310,784,520,1312,us,United States,1,VeriSign
310,784,003,3,us,United States,1,Unknown
310,784,023,575,us,United States,1,Unknown2
310,784,024,591,us,United States,1,Unknown3
310,784,025,607,us,United States,1,Unknown4
310,784,530,1328,us,United States,1,West Virginia Wireless
310,784,026,623,us,United States,1,Unknown
310,784,340,832,us,United States,1,Westlink Communications LLC
311,785,150,336,us,United States,1,
311,785,070,112,us,United States,1,Wisconsin RSA #7 Limited Partnership
310,784,390,912,us,United States,1,Yorkville Telephone Cooperative
748,1864,001,31,uy,Uruguay,598,Ancel/Antel
748,1864,003,63,uy,Uruguay,598,Ancel/Antel
748,1864,010,271,uy,Uruguay,598,Claro/AM Wireless
748,1864,007,127,uy,Uruguay,598,MOVISTAR
434,1076,004,79,uz,Uzbekistan,998,Bee Line/Unitel
434,1076,001,1,uz,Uzbekistan,998,Buztel
434,1076,007,127,uz,Uzbekistan,998,MTS/Uzdunrobita
434,1076,005,95,uz,Uzbekistan,998,Ucell/Coscom
434,1076,002,2,uz,Uzbekistan,998,Uzmacom
541,1345,005,95,vu,Vanuatu,678,DigiCel
541,1345,000,0,vu,Vanuatu,678,DigiCel2
541,1345,001,31,vu,Vanuatu,678,SMILE
734,1844,003,3,ve,Venezuela,58,DigiTel C.A.
734,1844,002,47,ve,Venezuela,58,DigiTel C.A.2
734,1844,001,1,ve,Venezuela,58,DigiTel C.A.3
734,1844,006,111,ve,Venezuela,58,Movilnet C.A.
734,1844,004,79,ve,Venezuela,58,Movistar/TelCel
452,1106,007,127,vn,Viet Nam,84,Beeline
452,1106,001,31,vn,Viet Nam,84,Mobifone
452,1106,003,63,vn,Viet Nam,84,S-Fone/Telecom
452,1106,005,95,vn,Viet Nam,84,VietnaMobile
452,1106,008,143,vn,Viet Nam,84,Viettel Mobile
452,1106,006,111,vn,Viet Nam,84,Viettel Mobile2
452,1106,004,79,vn,Viet Nam,84,Viettel Mobile3
452,1106,002,47,vn,Viet Nam,84,Vinaphone
376,886,350,848,vi,Virgin Islands U.S.,1340,Cable & Wireless (Turks & Caicos)
376,886,050,1295,vi,Virgin Islands U.S.,1340,Digicel
376,886,352,850,vi,Virgin Islands U.S.,1340,IslandCom
421,1057,004,79,ye,Yemen,967,HITS/Y Unitel
421,1057,002,47,ye,Yemen,967,MTN/Spacetel
421,1057,001,31,ye,Yemen,967,Sabaphone
421,1057,003,63,ye,Yemen,967,Yemen Mob. CDMA
645,1605,003,63,zm,Zambia,260,Cell Z/MTS
645,1605,002,47,zm,Zambia,260,MTN/Telecel
645,1605,001,31,zm,Zambia,260,Zain/Celtel
648,1608,004,79,zw,Zimbabwe,263,Econet
648,1608,001,31,zw,Zimbabwe,263,Net One
648,1608,003,63,zw,Zimbabwe,263,Telecel
